bundle,kR,grid_spacing,band_width,surface_unknowns,field_relative_error,area_relative_error,matrix_bytes,assemble_seconds,solve_seconds
sphere-20261002,1.0,0.35,0.5249999999999999,338,0.0008731177216308123,0.00011868934226662735,7311616,0.021686946973204613,0.03049058187752962
sphere-20261002,1.0,0.28,0.42000000000000004,507,0.0011848034624291769,0.0004738920617547436,16451136,0.04384458903223276,0.06072023697197437
sphere-20261002,1.0,0.22,0.33,805,0.0004971435977315184,2.164379214426273e-05,41473600,0.09853168623521924,0.21264544408768415
sphere-20261002,1.0,0.17,0.255,1341,0.00044419394760922374,2.6948685357844556e-05,115089984,0.2790449340827763,0.8372646598145366
sphere-20261002,3.0,0.35,0.5249999999999999,338,0.011560360133500482,0.00011868934226662735,7311616,0.013198578264564276,0.019908743910491467
sphere-20261002,3.0,0.28,0.42000000000000004,507,0.004705666275163574,0.0004738920617547436,16451136,0.040316642727702856,0.057977457996457815
sphere-20261002,3.0,0.22,0.33,805,0.0024805692403875603,2.164379214426273e-05,41473600,0.10405413480475545,0.20294309593737125
sphere-20261002,3.0,0.17,0.255,1341,0.0023614766409769503,2.6948685357844556e-05,115089984,0.28715159464627504,0.8527134852483869
sphere-refined-20261002,1.0,0.13,0.195,2254,0.00029844957404455717,5.357323198465162e-05,325153024,1.023456621915102,3.60816487390548
sphere-refined-20261002,1.0,0.1,0.15000000000000002,3801,0.00015415620102092928,7.434709324452538e-05,924646464,2.835475146304816,16.0428132340312
sphere-refined-20261002,3.0,0.13,0.195,2254,0.0007494803881719018,5.357323198465162e-05,325153024,1.0002962942235172,3.609240212943405
sphere-refined-20261002,3.0,0.1,0.15000000000000002,3801,0.0007896863295657233,7.434709324452538e-05,924646464,2.8494556099176407,16.19478534301743
sphere-wideband-20261002,1.0,0.17,0.42500000000000004,2310,0.00011246069164949623,7.47494177690558e-05,341510400,1.0355695518665016,3.8732688701711595
sphere-wideband-20261002,1.0,0.13,0.325,3858,0.00012846038475220034,5.550040963288529e-05,952586496,2.8322069379501045,16.6999354949221
sphere-wideband-20261002,3.0,0.17,0.42500000000000004,2310,0.0006853297167798923,7.47494177690558e-05,341510400,1.0436766440980136,3.8407168076373637
sphere-wideband-20261002,3.0,0.13,0.325,3858,0.000495499271925477,5.550040963288529e-05,952586496,2.8987485906109214,16.78605842217803
