coefficient_error,curve,factor_seconds,field_error,gmres_seconds,interpolation_error,kd,plain_iterations,preconditioned_iterations,projection_error,rank,reconstruct_seconds,samples,spacing,stride,tolerance
0.006835560547615533,ellipse,0.0005592489615082741,0.0800277029073298,0.0008466560393571854,0.006839602788684405,4.3125,10,5,0.00023511888451446987,7,0.00034794805105775595,11,2.0,16,0.001
0.004315803119423212,ellipse,0.0005475929938256741,0.03751490500619346,0.0005486360751092434,0.004333980287800762,7.0625,13,5,0.00039652427169139463,7,0.0003300060052424669,11,2.0,16,0.001
0.000736808875986161,ellipse,0.0005539419362321496,0.00991577760341923,0.0005505509907379746,0.0011793182250534387,9.8125,15,5,0.000920817363285348,7,0.00031855294946581125,11,2.0,16,0.001
0.0023582185348915573,ellipse,0.0005505669396370649,0.015468317699825006,0.0005505760200321674,0.0025266371422369223,12.5625,17,5,0.0009070309616813051,7,0.000317714991979301,11,2.0,16,0.001
0.0023959487684629397,ellipse,0.0005572879454120994,0.012834503333963646,0.0005389279685914516,0.002439091167360588,15.4375,19,5,0.0004567235696363664,7,0.0003269599983468652,11,2.0,16,0.001
0.0010270172030244547,ellipse,0.0005508459871634841,0.0038477784747899878,0.00045658694580197334,0.00104312062646838,18.1875,21,4,0.00018258242308009007,7,0.0003281210083514452,11,2.0,16,0.001
0.006920154967157457,ellipse,0.0005505549488589168,0.022830028883634113,0.0005547279724851251,0.0069403174903878975,20.9375,23,5,0.0005286544065671978,7,0.0003257200587540865,11,2.0,16,0.001
0.006877619945383772,ellipse,0.0005529830232262611,0.021579973324410025,0.0005512860370799899,0.006889732655079368,23.8125,25,5,0.0004083721755020356,7,0.0003230269066989422,11,2.0,16,0.001
0.006867308654614115,ellipse,0.0005467480514198542,0.08269951028763631,0.000571505050174892,0.006867314494532244,4.3125,10,5,8.956163041232132e-06,10,0.0003543549682945013,11,2.0,16,1e-06
0.004335150711718804,ellipse,0.0005621289601549506,0.03701203183588968,0.0005667449440807104,0.004335152059936326,7.0625,13,5,3.419016409142536e-06,10,0.00034988101106137037,11,2.0,16,1e-06
0.0007400676764103873,ellipse,0.0005673449486494064,0.004721433278223613,0.0004680870333686471,0.0007400689766211445,9.8125,15,4,1.3872600536764472e-06,10,0.0003386150347068906,11,2.0,16,1e-06
0.0023623014970528644,ellipse,0.0005492999916896224,0.010607482203261388,0.00045936903916299343,0.0023623015849302273,12.5625,17,4,6.443511621694639e-07,10,0.0003416929394006729,11,2.0,16,1e-06
0.0024001163104050115,ellipse,0.0005524629959836602,0.009733434533104142,0.00045759801287204027,0.002400116311960908,15.4375,19,4,8.642572619101829e-08,10,0.000338564976118505,11,2.0,16,1e-06
0.0010296975715361847,ellipse,0.0005494160577654839,0.0032678085147847796,0.000455140951089561,0.0010296979517580428,18.1875,21,4,8.848888748201647e-07,10,0.0003405510215088725,11,2.0,16,1e-06
0.006933858290386398,ellipse,0.0005497609963640571,0.02139776607084787,0.0005442440742626786,0.006933859135296625,20.9375,23,5,3.4230890686861666e-06,10,0.00034320796839892864,11,2.0,16,1e-06
0.006895632467222637,ellipse,0.0005604290636256337,0.02126617211706427,0.000554127967916429,0.006895638025919994,23.8125,25,5,8.755863658818382e-06,10,0.00034406897611916065,11,2.0,16,1e-06
0.0005405093834341332,ellipse,0.000557294930331409,0.011239410069150317,0.0005451469914987683,0.0008260626196651161,4.3125,10,4,0.0006246832573662996,7,0.0005335800815373659,21,1.0,8,0.001
6.589541921667515e-06,ellipse,0.0005490879993885756,0.004361632856389368,0.00047935498878359795,0.0005494964433573607,7.0625,13,4,0.0005494569311718198,7,0.0004681990249082446,21,1.0,8,0.001
4.228550530015429e-05,ellipse,0.0005518069956451654,0.010299754852153222,0.00048063299618661404,0.0009418619814984013,9.8125,15,4,0.000940912285931372,7,0.00047379895113408566,21,1.0,8,0.001
0.00011737458751242829,ellipse,0.0005544960731640458,0.011632393681686058,0.00047377299051731825,0.0008325922329766194,12.5625,17,4,0.0008242772846437391,7,0.00047996698413044214,21,1.0,8,0.001
0.00012666887111674986,ellipse,0.0005508550675585866,0.006739834754377359,0.00046593707520514727,0.00036793674100866683,15.4375,19,4,0.0003454452842186446,7,0.0004603699781000614,21,1.0,8,0.001
5.512248345615893e-05,ellipse,0.0005524660227820277,0.002266566834568095,0.00046979496255517006,0.0002763409004735953,18.1875,21,4,0.00027078738027277386,7,0.0004523380193859339,21,1.0,8,0.001
7.5026352582117554e-06,ellipse,0.0005604319740086794,0.007360814495932623,0.00047170009929686785,0.0005373191433372159,20.9375,23,4,0.0005372667608154011,7,0.00046236999332904816,21,1.0,8,0.001
0.0007900396894463975,ellipse,0.0005509399343281984,0.002875946532290007,0.00046839506831020117,0.0007919569623589132,23.8125,25,4,5.5073779805582614e-05,7,0.00046063808258622885,21,1.0,8,0.001
0.0005472577084615843,ellipse,0.000556295970454812,0.0073548203500530636,0.0005030970787629485,0.0005472586346029072,4.3125,10,4,1.0068153683866346e-06,11,0.000596769037656486,21,1.0,8,1e-06
6.620138314318373e-06,ellipse,0.0005590770160779357,4.500136296404304e-05,0.0004162699915468693,6.620479951717588e-06,7.0625,13,3,6.725685749906415e-08,11,0.0006328739691525698,21,1.0,8,1e-06
4.236862471532888e-05,ellipse,0.0005515250377357006,0.00025928716223966856,0.00041750294622033834,4.236946003497418e-05,9.8125,15,3,2.66051440215344e-07,11,0.0005901150871068239,21,1.0,8,1e-06
0.0001174640139350686,ellipse,0.0005720129702240229,0.0005526216963116595,0.00040675606578588486,0.0001174644598623656,12.5625,17,3,3.236680558365615e-07,11,0.000574910081923008,21,1.0,8,1e-06
0.0001267439801527306,ellipse,0.0005563229788094759,0.0004894723235303593,0.0004007959505543113,0.00012674447563090243,15.4375,19,3,3.54398245454859e-07,11,0.0005893879570066929,21,1.0,8,1e-06
5.517890464100323e-05,ellipse,0.0005553289083763957,0.00018605050497355383,0.0004043600056320429,5.5179969219313946e-05,18.1875,21,3,3.4276184517839906e-07,11,0.0005961429560557008,21,1.0,8,1e-06
7.55467256616297e-06,ellipse,0.0005598290590569377,2.524237349903994e-05,0.00040758494287729263,7.557115102154308e-06,20.9375,23,3,1.9212258643960736e-07,11,0.0005790649447590113,21,1.0,8,1e-06
0.0007957644763327085,ellipse,0.0005647530779242516,0.0024650500843245706,0.0004999279044568539,0.0007957646968333042,23.8125,25,4,5.923969392825304e-07,11,0.0006344580324366689,21,1.0,8,1e-06
0.0005472580083788362,ellipse,0.000549574033357203,0.00735430548172932,0.0005154859973117709,0.0005472580083854642,4.3125,10,4,2.704581315430592e-09,14,0.0007159610977396369,21,1.0,8,1e-09
6.620142269615914e-06,ellipse,0.0005550489295274019,4.4853624640073646e-05,0.0004128749715164304,6.620142284018878e-06,7.0625,13,3,4.302783228874833e-10,14,0.0006162369390949607,21,1.0,8,1e-09
4.236862508945998e-05,ellipse,0.0005590548971667886,0.00026022373297457163,0.0004130129236727953,4.236862509040201e-05,9.8125,15,3,2.473694582807631e-10,14,0.000630808062851429,21,1.0,8,1e-09
0.00011746401419958188,ellipse,0.0005532980430871248,0.0005525764030332478,0.0004109339788556099,0.00011746401419991079,12.5625,17,3,2.5890720883905523e-10,14,0.0006382650462910533,21,1.0,8,1e-09
0.00012674398037272136,ellipse,0.0005566430045291781,0.0004893583519334156,0.00041290989611297846,0.0001267439803722978,15.4375,19,3,9.618253474830372e-11,14,0.000602882937528193,21,1.0,8,1e-09
5.5178904844920046e-05,ellipse,0.0005635900888592005,0.00018577977155634237,0.00040665396954864264,5.517890484535669e-05,18.1875,21,3,2.5695672347826126e-10,14,0.0006229990394786,21,1.0,8,1e-09
7.554676676485584e-06,ellipse,0.000557615072466433,2.5184384998430422e-05,0.0004368009977042675,7.554676679665572e-06,20.9375,23,3,2.261361799985749e-10,14,0.0006598440231755376,21,1.0,8,1e-09
0.0007957646116461951,ellipse,0.00056349893566221,0.0024648079955177865,0.0005076730158179998,0.0007957646116484923,23.8125,25,4,2.105674877036364e-09,14,0.0006142649799585342,21,1.0,8,1e-09
2.3595454300882626e-05,ellipse,0.0005714379949495196,0.011560657725001148,0.0005671590333804488,0.0010709038344858374,4.3125,10,4,0.00107064386137081,7,0.0007317339768633246,41,0.5,4,0.001
9.7983373934245e-07,ellipse,0.0005572229856625199,0.0048560941934727335,0.0004863259382545948,0.0005894362833683256,7.0625,13,4,0.0005894354689677537,7,0.0004655140219256282,41,0.5,4,0.001
4.912654170034913e-06,ellipse,0.0005511289928108454,0.009684657442198794,0.00048190297093242407,0.0008769457592200994,9.8125,15,4,0.0008769319987671102,7,0.0004734969697892666,41,0.5,4,0.001
1.4636554571364817e-06,ellipse,0.0005545520689338446,0.010606634443241584,0.00046970206312835217,0.0007432444786615736,12.5625,17,4,0.0007432430374882792,7,0.00044634705409407616,41,0.5,4,0.001
1.4792879871532663e-06,ellipse,0.0005568620981648564,0.006184400482729315,0.0004810580285266042,0.0003135243658116494,15.4375,19,4,0.00031352087596340356,7,0.0005122149595990777,41,0.5,4,0.001
6.173088000453362e-06,ellipse,0.0005566180916503072,0.0018134482740494637,0.00046534708235412836,0.00023566243819629962,18.1875,21,4,0.00023558157347991853,7,0.0004468039842322469,41,0.5,4,0.001
1.3929912765266486e-06,ellipse,0.0005531549686565995,0.006051306651736803,0.00046504801139235497,0.0004564462106034239,20.9375,23,4,0.0004564440850201992,7,0.0004513449966907501,41,0.5,4,0.001
6.38946030894069e-05,ellipse,0.0005912539782002568,0.006885299301142061,0.0005084869917482138,0.0003443214357076129,23.8125,25,4,0.00033834114625803805,7,0.0005591160152107477,41,0.5,4,0.001
2.4007351997105257e-05,ellipse,0.00057141890283674,0.00033639403508613273,0.00044852704741060734,2.4018101011406795e-05,4.3125,10,3,7.184888968507907e-07,11,0.0006592230638489127,41,0.5,4,1e-06
9.831002169865233e-07,ellipse,0.0005551119102165103,7.810922434794408e-06,0.000335281016305089,9.84929188546146e-07,7.0625,13,2,5.999557733898333e-08,11,0.0006464200560003519,41,0.5,4,1e-06
4.917677470234507e-06,ellipse,0.0005517770769074559,2.8492893120344392e-05,0.0004156100330874324,4.926034021102826e-06,9.8125,15,3,2.86809123615092e-07,11,0.0006188799161463976,41,0.5,4,1e-06
1.4644823963928651e-06,ellipse,0.0005517350509762764,7.285795119522382e-06,0.0003321340773254633,1.5037328358896526e-06,12.5625,17,2,3.413264597615166e-07,11,0.0006306819850578904,41,0.5,4,1e-06
1.4800030938058844e-06,ellipse,0.0005597079871222377,6.518781517350094e-06,0.00033184001222252846,1.5268001113459708e-06,15.4375,19,2,3.751125448182674e-07,11,0.0006281470414251089,41,0.5,4,1e-06
6.176236201312488e-06,ellipse,0.0005546578904613853,2.1553493523025237e-05,0.00040500599425286055,6.187270548817566e-06,18.1875,21,3,3.6935514862640913e-07,11,0.0006139340111985803,41,0.5,4,1e-06
1.3948556179742533e-06,ellipse,0.0005525890737771988,5.190821227314402e-06,0.0003438600106164813,1.418185660378551e-06,20.9375,23,2,2.5618035129271644e-07,11,0.0006262880051508546,41,0.5,4,1e-06
6.46055369607586e-05,ellipse,0.0005590369692072272,0.00019843071523323425,0.0004085979890078306,6.460642050984802e-05,23.8125,25,3,3.3788337662083383e-07,11,0.0006207970436662436,41,0.5,4,1e-06
2.4007393963075374e-05,ellipse,0.0005590270739048719,0.00033603598803621214,0.0004432820715010166,2.4007394001958496e-05,4.3125,10,3,1.3712739375305095e-09,14,0.0007249729242175817,41,0.5,4,1e-09
9.83100241322187e-07,ellipse,0.0005810840521007776,7.80411044681468e-06,0.00036849500611424446,9.831003350096507e-07,7.0625,13,2,4.2860275570690697e-10,14,0.0007989919977262616,41,0.5,4,1e-09
4.917677487505703e-06,ellipse,0.0005580860888585448,2.929335592564064e-05,0.00044016295578330755,4.91767750994014e-06,9.8125,15,3,4.671595537263847e-10,14,0.0007402700139209628,41,0.5,4,1e-09
1.4644823990799115e-06,ellipse,0.0005572569789364934,6.5505177522407406e-06,0.0003899880684912205,1.4644824625105635e-06,12.5625,17,2,4.307173580141409e-10,14,0.000746448989957571,41,0.5,4,1e-09
1.4800030959359597e-06,ellipse,0.0005784740205854177,5.938388945010326e-06,0.0003509910311549902,1.4800030984721476e-06,15.4375,19,2,7.999685337373939e-11,14,0.0007223510183393955,41,0.5,4,1e-09
6.176236210869966e-06,ellipse,0.0005607489729300141,2.1035963699750718e-05,0.00046915002167224884,6.176236224532781e-06,18.1875,21,3,4.0576289645801535e-10,14,0.0007299100980162621,41,0.5,4,1e-09
1.3948556258635652e-06,ellipse,0.0005698919994756579,4.470453074517263e-06,0.00037916889414191246,1.3948556261285366e-06,20.9375,23,2,2.842819106207699e-11,14,0.000827687093988061,41,0.5,4,1e-09
6.460557301857088e-05,ellipse,0.0005779679631814361,0.00019808270517715,0.00044307601638138294,6.460557302292399e-05,23.8125,25,3,7.94363637802075e-10,14,0.0007595580536872149,41,0.5,4,1e-09
6.143502479227977e-07,ellipse,0.0005548059707507491,0.014005213514796711,0.0006349299801513553,0.0013133304970122759,4.3125,10,5,0.0013133303533220146,7,0.0008133079390972853,81,0.25,2,0.001
1.494756432745509e-07,ellipse,0.0005492500495165586,0.00503124340705497,0.00047963892575353384,0.0005992498347733068,7.0625,13,4,0.0005992498161308682,7,0.0004647299647331238,81,0.25,2,0.001
1.948891724463074e-07,ellipse,0.0005868750158697367,0.009209716433336387,0.0004769910592585802,0.0008312940234011406,9.8125,15,4,0.0008312940005561681,7,0.00046205392573028803,81,0.25,2,0.001
2.3012447287620979e-07,ellipse,0.0005504059372469783,0.009933460672208029,0.00047920504584908485,0.0006967513301405344,12.5625,17,4,0.0006967512921375542,7,0.00046826701145619154,81,0.25,2,0.001
2.4205419821765254e-07,ellipse,0.0005542469443753362,0.0059040926961239065,0.0004605790600180626,0.00030136206980462216,15.4375,19,4,0.00030136197259558284,7,0.0004698140546679497,81,0.25,2,0.001
2.3729250343435887e-07,ellipse,0.000555247999727726,0.00143299229095121,0.0004656999371945858,0.00020511457081339945,18.1875,21,4,0.00020511443355413763,7,0.0004758820869028568,81,0.25,2,0.001
2.237760080847861e-07,ellipse,0.000561106950044632,0.005158919275410094,0.0005057150265201926,0.0004003061752096328,20.9375,23,4,0.0004003061126628809,7,0.0006321560358628631,81,0.25,2,0.001
1.9659921459815177e-06,ellipse,0.0005521290004253387,0.010943919252216654,0.0004688390763476491,0.000568224124237285,23.8125,25,4,0.000568220723171341,7,0.0004607879091054201,81,0.25,2,0.001
6.268988551814751e-07,ellipse,0.0005539580015465617,9.241995793144781e-06,0.00036894402001053095,7.954371893638438e-07,4.3125,10,2,4.896101994558816e-07,11,0.0008132769726216793,81,0.25,2,1e-06
1.4993309687129793e-07,ellipse,0.0005545699968934059,1.3673488013282938e-06,0.0003594818990677595,1.6824485287580822e-07,7.0625,13,2,7.633083872187595e-08,11,0.0007761470042169094,81,0.25,2,1e-06
1.9504733777397005e-07,ellipse,0.000556300044991076,1.8779672350232454e-06,0.00037153693847358227,3.2655475042834583e-07,9.8125,15,2,2.6190559553530254e-07,11,0.0007561510428786278,81,0.25,2,1e-06
2.302219977515084e-07,ellipse,0.0005620850715786219,2.461366220839087e-06,0.0003599870251491666,3.949194810637246e-07,12.5625,17,2,3.2087260464443236e-07,11,0.0007613580673933029,81,0.25,2,1e-06
2.421349506782463e-07,ellipse,0.0005575940012931824,2.9665617588302567e-06,0.00035311898682266474,4.3102145404391213e-07,15.4375,19,2,3.5658121065420947e-07,11,0.0007696460234001279,81,0.25,2,1e-06
2.3739207541348932e-07,ellipse,0.0005605350015684962,3.668300523347389e-06,0.0003599200863391161,4.2383858641040347e-07,18.1875,21,2,3.5111842719962607e-07,11,0.0007501569343730807,81,0.25,2,1e-06
2.2401670421838426e-07,ellipse,0.0005589460488408804,2.5519550629678225e-06,0.00036248296964913607,3.2547105144750224e-07,20.9375,23,2,2.3610997722829884e-07,11,0.0007635770598426461,81,0.25,2,1e-06
1.9929740746499326e-06,ellipse,0.0005600169533863664,6.597095495494909e-06,0.00036201102193444967,2.0008945534486876e-06,23.8125,25,2,1.7785767935627538e-07,11,0.000765172066166997,81,0.25,2,1e-06
6.269006996449077e-07,ellipse,0.0005730090197175741,8.946435561913004e-06,0.00037875398993492126,6.269017459656148e-07,4.3125,10,2,1.145290713454639e-09,14,0.0009545229841023684,81,0.25,2,1e-09
1.4993309922778337e-07,ellipse,0.0005567600019276142,1.2241397049092726e-06,0.00036692910362035036,1.4993370820776715e-07,7.0625,13,2,4.272850263870245e-10,14,0.0009114419808611274,81,0.25,2,1e-09
1.9504733827445744e-07,ellipse,0.0005590129876509309,1.1340708086508917e-06,0.0003802030114457011,1.9504791353230024e-07,9.8125,15,2,4.736294897396393e-10,14,0.0009868479100987315,81,0.25,2,1e-09
2.3022199799709357e-07,ellipse,0.0005567839834839106,1.0598889450480541e-06,0.0003667420241981745,2.3022242364124508e-07,12.5625,17,2,4.428563010576333e-10,14,0.0009076689602807164,81,0.25,2,1e-09
2.421349508726971e-07,ellipse,0.0005783579545095563,9.479586649607223e-07,0.0003843609010800719,2.4213496116825003e-07,15.4375,19,2,7.252486171205212e-11,14,0.0009506649803370237,81,0.25,2,1e-09
2.3739207567398284e-07,ellipse,0.0005593810928985476,8.189925689283283e-07,0.00037537107709795237,2.3739242581587483e-07,18.1875,21,2,4.078089752033003e-10,14,0.0009279679507017136,81,0.25,2,1e-09
2.2401670517256692e-07,ellipse,0.0005589589709416032,7.083775579853377e-07,0.00037973502185195684,2.2401670746345896e-07,20.9375,23,2,2.840233119467747e-11,14,0.0009147579548880458,81,0.25,2,1e-09
1.9929761647641603e-06,ellipse,0.000559107051230967,6.064758879662154e-06,0.0003787550376728177,1.9929762442690033e-06,23.8125,25,2,5.649646420101731e-10,14,0.0009225739631801844,81,0.25,2,1e-09
3.1927572771880954e-09,ellipse,0.0005595199763774872,0.015365870516700733,0.0006488909712061286,0.0014390959410705473,4.3125,10,5,0.0014390959410670034,7,0.0008733239956200123,161,0.125,1,0.001
1.6098353462852832e-08,ellipse,0.0005504079163074493,0.0051000205547976065,0.00047572492621839046,0.0006016191177872657,7.0625,13,4,0.0006016191175718842,7,0.0004968269495293498,161,0.125,1,0.001
2.1069466941111353e-08,ellipse,0.0005531669594347477,0.008939271355369819,0.0004905699752271175,0.0008056313094163669,9.8125,15,4,0.0008056313091408545,7,0.0005028329323977232,161,0.125,1,0.001
2.4971459112889844e-08,ellipse,0.0005505000008270144,0.009574582928853936,0.00047682796139270067,0.0006722795069702142,12.5625,17,4,0.0006722795065064383,7,0.0004930769791826606,161,0.125,1,0.001
2.6693633369903963e-08,ellipse,0.0005569600034505129,0.005767031544965899,0.0004730579676106572,0.000295933051548316,15.4375,19,4,0.00029593305034440964,7,0.000497738947160542,161,0.125,1,0.001
2.61164217456386e-08,ellipse,0.0005522120045498013,0.0012223423181391216,0.0003951250109821558,0.0001875627570064362,18.1875,21,3,0.00018756275518819313,7,0.0004907670663669705,161,0.125,1,0.001
2.462529481995957e-08,ellipse,0.0005549819907173514,0.004660462955641658,0.0004709030035883188,0.00036863898698571117,20.9375,23,4,0.00036863898616322103,7,0.0005239209858700633,161,0.125,1,0.001
9.220035752824413e-08,ellipse,0.0005561040015891194,0.013251695978194547,0.0005507529713213444,0.000703989491473196,23.8125,25,5,0.0007039894854355146,7,0.000483845011331141,161,0.125,1,0.001
3.24888771362706e-09,ellipse,0.000562413944862783,2.4660319280275578e-06,0.00038777501322329044,3.2955976401281835e-07,4.3125,10,2,3.2954374942955997e-07,11,0.0009880670113489032,161,0.125,1,1e-06
1.6149355914041325e-08,ellipse,0.0005567820044234395,4.957554572047079e-07,0.0003558499738574028,9.236831721958331e-08,7.0625,13,2,9.09456118749775e-08,11,0.0007439199835062027,161,0.125,1,1e-06
2.1086034456622692e-08,ellipse,0.0005626939237117767,1.7580649749590784e-06,0.00036429695319384336,2.435751215086476e-07,9.8125,15,2,2.426607074983829e-07,11,0.000781355076469481,161,0.125,1,1e-06
2.4981404337235607e-08,ellipse,0.0005600879667326808,2.0484462137686053e-06,0.00035821995697915554,3.0586299929211486e-07,12.5625,17,2,3.048411123698225e-07,11,0.0008022470865398645,161,0.125,1,1e-06
2.6701783689508503e-08,ellipse,0.0005617319839075208,2.697074938173342e-06,0.00035206798929721117,3.4247493798724293e-07,15.4375,19,2,3.4143242072598595e-07,11,0.0007691020146012306,161,0.125,1,1e-06
2.6126733686684218e-08,ellipse,0.0005643439944833517,3.395162200902803e-06,0.00035570794716477394,3.3651081767692654e-07,18.1875,21,2,3.354950434623022e-07,11,0.0007798479637131095,161,0.125,1,1e-06
2.4653375016250624e-08,ellipse,0.0005612249951809645,2.2304402065911483e-06,0.0003569179680198431,2.1701172999171148e-07,20.9375,23,2,2.1560682282091315e-07,11,0.0007691469509154558,161,0.125,1,1e-06
9.361423729225368e-08,ellipse,0.0005618010181933641,6.713746983633398e-07,0.00035199092235416174,1.114659849502046e-07,23.8125,25,2,6.050653097109366e-08,11,0.0007300259312614799,161,0.125,1,1e-06
3.2488938207225414e-09,ellipse,0.0005581598961725831,4.60636604281091e-08,0.00038376497104763985,3.4089037229248876e-09,4.3125,10,2,1.032139116798755e-09,14,0.0010519330389797688,161,0.125,1,1e-09
1.6149356146983002e-08,ellipse,0.0005585789913311601,1.3347754941915206e-07,0.0003766349982470274,1.6155046373947754e-08,7.0625,13,2,4.287283160109429e-10,14,0.0010362700559198856,161,0.125,1,1e-09
2.1086034505137745e-08,ellipse,0.0005730069242417812,1.243521435120264e-07,0.0003886509221047163,2.109082965217054e-08,9.8125,15,2,4.497133335974915e-10,14,0.001081058057025075,161,0.125,1,1e-09
2.4981404360089988e-08,ellipse,0.0005565669853240252,1.1610864948766848e-07,0.0003675200277939439,2.4985071920636366e-08,12.5625,17,2,4.281000735285701e-10,14,0.0011379310162737966,161,0.125,1,1e-09
2.6701783708663706e-08,ellipse,0.0005571469664573669,1.0359818919696341e-07,0.0003634850727394223,2.670187674124915e-08,15.4375,19,2,7.066831083712937e-11,14,0.0010709139751270413,161,0.125,1,1e-09
2.6126733712518147e-08,ellipse,0.0005580080905929208,8.995474725339812e-08,0.000361626036465168,2.612969670099727e-08,18.1875,21,2,3.934677325377279e-10,14,0.0010499909985810518,161,0.125,1,1e-09
2.4653375117996907e-08,ellipse,0.0005914219655096531,7.749243653843733e-08,0.0003907099599018693,2.465338861551724e-08,20.9375,23,2,2.564040281004788e-11,14,0.0011804249370470643,161,0.125,1,1e-09
9.361437497076691e-08,ellipse,0.0005800699582323432,2.835194785030283e-07,0.00037212600000202656,9.361540895634245e-08,23.8125,25,2,4.398934275060978e-10,14,0.0009519750019535422,161,0.125,1,1e-09
0.03839136302192547,kite,0.000575458980165422,0.25774766949056366,0.0007345370249822736,0.03839322366423424,4.3125,11,6,0.000378258555887877,8,0.0002242580521851778,11,2.0,16,0.001
0.024918012858985945,kite,0.0005808749701827765,0.08061704163543103,0.0007002869388088584,0.024919401657114894,7.0625,14,6,0.00026316745667833585,8,0.0002005209680646658,11,2.0,16,0.001
0.004696706126672747,kite,0.0005497289821505547,0.011030924506158349,0.0006105080246925354,0.004697211423536382,9.8125,17,5,6.889718266525906e-05,8,0.00019450497347861528,11,2.0,16,0.001
0.014156757000980097,kite,0.000554510043002665,0.02330376308778423,0.0005521769635379314,0.014157299305236732,12.5625,20,5,0.0001239270399071731,8,0.00019509601406753063,11,2.0,16,0.001
0.013589821323698228,kite,0.00055555603466928,0.02185632455051143,0.0005774520104750991,0.013591091470316764,15.4375,23,5,0.00018582282312126663,8,0.00019795808475464582,11,2.0,16,0.001
0.006101422460311811,kite,0.0005612620152533054,0.010110580378620936,0.0005424059927463531,0.006105715888927348,18.1875,25,5,0.00022893760782466616,8,0.00019575096666812897,11,2.0,16,0.001
0.03833496454830518,kite,0.000559142092242837,0.050871285981132365,0.0006436050171032548,0.03833599795490735,20.9375,28,6,0.00028168934586805133,8,0.00019552605226635933,11,2.0,16,0.001
0.038655329720347686,kite,0.0005695149302482605,0.05229617502840018,0.0006446880288422108,0.03865636338511464,23.8125,29,6,0.0002829027443043731,8,0.00019626005087047815,11,2.0,16,0.001
0.002836072147213209,kite,0.0005690900143235922,0.01965750940187325,0.0005459610838443041,0.0028370670266341077,4.3125,11,4,7.512745712508678e-05,8,0.0003878669813275337,21,1.0,8,0.001
4.321025837160321e-05,kite,0.0005788439884781837,0.002532407479930562,0.0005026540020480752,0.00023146890011420415,7.0625,14,4,0.00022739992389623543,8,0.00033201498445123434,21,1.0,8,0.001
0.00025368162454497337,kite,0.0005702850176021457,0.001100858343339038,0.0004925290122628212,0.0002629977296575254,9.8125,17,4,6.937895561809977e-05,8,0.0003624309320002794,21,1.0,8,0.001
0.0006649690182288488,kite,0.0005555509123951197,0.0019508421364025832,0.00047259603161364794,0.0006927089713203036,12.5625,20,4,0.00019406684517961242,8,0.00033149891532957554,21,1.0,8,0.001
0.000684408257381853,kite,0.0005567739717662334,0.004177061204277349,0.0004885439993813634,0.0007266276375011105,15.4375,23,4,0.00024407598962454446,8,0.00033655192237347364,21,1.0,8,0.001
0.00030204891237355623,kite,0.0005643459735438228,0.006506526941370002,0.0004788850201293826,0.0003949875679993681,18.1875,25,4,0.00025452237488646836,8,0.0003304859856143594,21,1.0,8,0.001
3.930312585705947e-05,kite,0.0005574600072577596,0.006260216429516011,0.0004772529937326908,0.0002653230514837178,20.9375,28,4,0.0002623958575376421,8,0.000333713018335402,21,1.0,8,0.001
0.004607963765714364,kite,0.000561560969799757,0.007179481167159124,0.0005705900257453322,0.004609226246288975,23.8125,29,5,0.00010787386357280103,8,0.00032905302941799164,21,1.0,8,0.001
0.0028374387587723265,kite,0.0005618269788101315,0.020114717632355582,0.0005055899964645505,0.00283744027390446,4.3125,11,4,2.932279219816752e-06,11,0.0005899659590795636,21,1.0,8,1e-06
4.321815952930632e-05,kite,0.0005527989706024528,0.00012334601280364536,0.0004054120508953929,4.321877446617304e-05,7.0625,14,3,2.305497393507719e-07,11,0.0005861649988219142,21,1.0,8,1e-06
0.0002536891230025884,kite,0.0005649069789797068,0.0005299114139928032,0.0004240210400894284,0.0002536899632833687,9.8125,17,3,6.529476073159872e-07,11,0.0005940690170973539,21,1.0,8,1e-06
0.000664974724016861,kite,0.0005702649941667914,0.0011053408734013016,0.00042113091330975294,0.0006649751145110967,12.5625,20,3,7.206518263482174e-07,11,0.0005880710668861866,21,1.0,8,1e-06
0.0006844124837507401,kite,0.0005554370582103729,0.0010319688908704877,0.00040663592517375946,0.0006844128746044392,15.4375,23,3,7.314431046830158e-07,11,0.0005831680027768016,21,1.0,8,1e-06
0.00030205237153583956,kite,0.0005616990383714437,0.0004191850047047666,0.00040893699042499065,0.0003020531705073915,18.1875,25,3,6.947393536838101e-07,11,0.0005844919942319393,21,1.0,8,1e-06
3.93142493727667e-05,kite,0.000560075044631958,5.61645530060376e-05,0.00041355600114911795,3.9316323808496924e-05,20.9375,28,3,4.0387390877735143e-07,11,0.0005915779620409012,21,1.0,8,1e-06
0.004608536329282779,kite,0.0005602319724857807,0.006224539041871378,0.00048267701640725136,0.004608536510344337,23.8125,29,4,1.291861118598999e-06,11,0.0005642999894917011,21,1.0,8,1e-06
0.00283743926742822,kite,0.0005616690032184124,0.02011546298436159,0.0005225799977779388,0.0028374392674395863,4.3125,11,4,8.069412766649635e-09,14,0.0006093860138207674,21,1.0,8,1e-09
4.321816503559585e-05,kite,0.0005558349657803774,0.00012291239510191804,0.0004195760702714324,4.321816505437954e-05,7.0625,14,3,1.2447428388595454e-09,14,0.0006097779842093587,21,1.0,8,1e-09
0.0002536891234807579,kite,0.0005562469596043229,0.0005317671776074316,0.0004080040380358696,0.00025368912348224464,9.8125,17,3,6.452038411334409e-10,14,0.0005817969795316458,21,1.0,8,1e-09
0.000664974724299885,kite,0.0005644240882247686,0.0011077000853162886,0.00041234702803194523,0.0006649747242993509,12.5625,20,3,6.068498233039782e-10,14,0.0006118089659139514,21,1.0,8,1e-09
0.000684412483955843,kite,0.0005613019457086921,0.0010332422947085334,0.00044587894808501005,0.0006844124839571029,15.4375,23,3,2.0182654353234197e-10,14,0.0006265239790081978,21,1.0,8,1e-09
0.00030205237171116865,kite,0.0005613069515675306,0.0004188569213951405,0.00040529004763811827,0.00030205237171233255,18.1875,25,3,5.33125957099207e-10,14,0.0006167689571157098,21,1.0,8,1e-09
3.931425320327925e-05,kite,0.0005616110283881426,5.657965352589781e-05,0.00041850691195577383,3.931425320540009e-05,20.9375,28,3,4.795174227668942e-10,14,0.0006123519269749522,21,1.0,8,1e-09
0.004608536443895295,kite,0.0005621269810944796,0.006225193233024761,0.0005142270820215344,0.004608536443896363,23.8125,29,4,4.681262379022253e-09,14,0.0006196119356900454,21,1.0,8,1e-09
0.00011964923740594654,kite,0.0005889979656785727,0.0031097234458501775,0.0005660150200128555,0.00031399071804127265,4.3125,11,4,0.00029030024493741845,8,0.0005991990910843015,41,0.5,4,0.001
5.8333953194305684e-06,kite,0.0005575460381805897,0.0018978971100026463,0.0005021810065954924,0.00016533571145894884,7.0625,14,4,0.00016523277212349857,8,0.00039441301487386227,41,0.5,4,0.001
2.8708899242257657e-05,kite,0.0005579480202868581,0.000529861639676848,0.0004085269756615162,7.828173249865181e-05,9.8125,17,3,7.282739012013213e-05,8,0.00038878293707966805,41,0.5,4,0.001
8.323081974349099e-06,kite,0.000556809944100678,0.0018841315979010863,0.00048006896395236254,0.0001900507477885427,12.5625,20,4,0.0001898684098104899,8,0.0003914049593731761,41,0.5,4,0.001
7.917207090854297e-06,kite,0.0005579389398917556,0.003919263130698157,0.00048279808834195137,0.0002281088055349276,15.4375,23,4,0.00022797136881133712,8,0.0003770650364458561,41,0.5,4,0.001
3.25661398481294e-05,kite,0.0005728940013796091,0.005963266628801349,0.0004923579981550574,0.00023548745497824718,18.1875,25,4,0.00023322475864551604,8,0.0004007830284535885,41,0.5,4,0.001
7.775991144114728e-06,kite,0.0005617979913949966,0.00562417176415237,0.0004766149213537574,0.00023678716609929517,20.9375,28,4,0.00023665945152148512,8,0.0004167619626969099,41,0.5,4,0.001
0.0003776244798389649,kite,0.0005634300177916884,0.0012374299608630505,0.00048096594400703907,0.00037878733840208007,23.8125,29,4,2.965805263964695e-05,8,0.0003970949910581112,41,0.5,4,0.001
0.00011975077190555405,kite,0.0005604960024356842,0.0008752761276764176,0.00043139501940459013,0.00011975119655176511,4.3125,11,3,3.1891004861846683e-07,12,0.0005462480476126075,41,0.5,4,1e-06
5.833770263463287e-06,kite,0.0005614960100501776,1.801042055373568e-05,0.0003482189495116472,5.835434847058205e-06,7.0625,14,2,1.3937133048281361e-07,12,0.0005193189717829227,41,0.5,4,1e-06
2.8709286281693493e-05,kite,0.0005656890571117401,5.773381934971909e-05,0.00042128702625632286,2.8709670958533544e-05,9.8125,17,3,1.486196287399564e-07,12,0.0005039549432694912,41,0.5,4,1e-06
8.323132117003793e-06,kite,0.0005734149599447846,1.323224141293214e-05,0.00034962198697030544,8.3235995797134e-06,12.5625,20,2,8.82142867050958e-08,12,0.000507117947563529,41,0.5,4,1e-06
7.91724603925208e-06,kite,0.0005655990680679679,1.2251986053465649e-05,0.0003417499829083681,7.91727623044219e-06,15.4375,23,2,2.1864739394203546e-08,12,0.0005791930016130209,41,0.5,4,1e-06
3.256629915697257e-05,kite,0.0005903320852667093,4.482274454924717e-05,0.0004439899930730462,3.2566319540201536e-05,18.1875,25,3,3.643707519584263e-08,12,0.0005812009330838919,41,0.5,4,1e-06
7.776104978599987e-06,kite,0.000567810027860105,1.0391981159629379e-05,0.00034567900002002716,7.776612039576626e-06,20.9375,28,2,8.880415441226812e-08,12,0.0005279489560052752,41,0.5,4,1e-06
0.00037771118263670787,kite,0.0005671300459653139,0.0005093726418786148,0.0004141570534557104,0.0003777112004646682,23.8125,29,3,1.160538771922679e-07,12,0.0005032640183344483,41,0.5,4,1e-06
0.00011975077553341074,kite,0.0005659310845658183,0.0008750948654129345,0.0004674089141190052,0.00011975077553397387,4.3125,11,3,3.8635633986446995e-10,15,0.0008651629323139787,41,0.5,4,1e-09
5.833770264304679e-06,kite,0.0005597129929810762,1.8185845680903597e-05,0.00035999505780637264,5.833770264298206e-06,7.0625,14,2,1.6872956631886252e-11,15,0.0008684369968250394,41,0.5,4,1e-09
2.8709286282223655e-05,kite,0.0005589619977399707,5.8031341013929775e-05,0.0004489499842748046,2.8709286281529152e-05,9.8125,17,3,1.0636998706691409e-10,15,0.0008773389272391796,41,0.5,4,1e-09
8.323132117064269e-06,kite,0.0005599870346486568,1.3349769014385949e-05,0.0003628949634730816,8.323132115109263e-06,12.5625,20,2,3.9366643704877296e-11,15,0.0008641410386189818,41,0.5,4,1e-09
7.917246039300155e-06,kite,0.0005636769346892834,1.2265088528212071e-05,0.00036898895632475615,7.917246039441066e-06,15.4375,23,2,7.740715012472595e-11,15,0.00095352903008461,41,0.5,4,1e-09
3.256629915713958e-05,kite,0.0005695379804819822,4.4845196653040465e-05,0.0004434280563145876,3.2566299156416266e-05,18.1875,25,3,1.716811453520859e-11,15,0.0008948110044002533,41,0.5,4,1e-09
7.77610497876187e-06,kite,0.0005683880299329758,1.034186184133846e-05,0.00036488298792392015,7.776104978797751e-06,20.9375,28,2,4.965450346640609e-11,15,0.0008625499904155731,41,0.5,4,1e-09
0.00037771118385853487,kite,0.0005676860455423594,0.0005093369450387213,0.00045205792412161827,0.0003777111838574421,23.8125,29,3,1.845274326969614e-10,15,0.0009359699906781316,41,0.5,4,1e-09
3.05801520228148e-06,kite,0.0005663230549544096,0.004740045027378758,0.0005646570352837443,0.0004588779240532752,4.3125,11,4,0.00045886773445997863,8,0.0007349479710683227,81,0.25,2,0.001
8.607040398594223e-07,kite,0.000558805069886148,0.0015339595532929584,0.00043428700882941484,0.0001301492537910974,7.0625,14,3,0.0001301464077527617,8,0.0004044539527967572,81,0.25,2,0.001
1.1424774160083692e-06,kite,0.0005599319702014327,0.00036640902463592025,0.00042294501326978207,7.340856087367374e-05,9.8125,17,3,7.339966999180479e-05,8,0.00041665101889520884,81,0.25,2,0.001
1.2813161351268937e-06,kite,0.0005555730313062668,0.0017950305598108498,0.0004757250426337123,0.00017985924270358042,12.5625,20,4,0.00017985467860171978,8,0.00039037002716213465,81,0.25,2,0.001
1.2761310796564195e-06,kite,0.000566464033909142,0.0036341610495279793,0.0004901390057057142,0.00021223650243697655,15.4375,23,4,0.00021223266585570862,8,0.00037980207707732916,81,0.25,2,0.001
1.2435543015544165e-06,kite,0.000568325980566442,0.005531147175037143,0.0004910320276394486,0.000217424156805573,18.1875,25,4,0.00021742060053129677,8,0.00037818599957972765,81,0.25,2,0.001
1.2210875840134802e-06,kite,0.0005703129572793841,0.005205141447414785,0.000493108993396163,0.00022077298115266415,20.9375,28,4,0.00022076960423078747,8,0.00042174302507191896,81,0.25,2,0.001
1.169316980928843e-05,kite,0.0005626329220831394,0.004182792538756352,0.00047562294639647007,0.00012623558507106255,23.8125,29,4,0.00012569285071242515,8,0.00036732200533151627,81,0.25,2,0.001
3.0613868597716846e-06,kite,0.0005604709731414914,2.4753033379875732e-05,0.0003755550133064389,3.3686845651642264e-06,4.3125,11,2,1.405683533498086e-06,11,0.0007948060519993305,81,0.25,2,1e-06
8.607533831120571e-07,kite,0.0005683290073648095,3.15106467537181e-06,0.00036587403155863285,9.003141182121659e-07,7.0625,14,2,2.639490938900124e-07,11,0.0007730830693617463,81,0.25,2,1e-06
1.1424890505846752e-06,kite,0.0005619550356641412,4.4025369355754475e-06,0.00036427704617381096,1.3063962278515204e-06,9.8125,17,2,6.335533709724814e-07,11,0.0007564680417999625,81,0.25,2,1e-06
1.28132160338631e-06,kite,0.0005836839554831386,5.494494519874792e-06,0.000372242066077888,1.4635892874139584e-06,12.5625,20,2,7.073249293583831e-07,11,0.0007691689534112811,81,0.25,2,1e-06
1.2761351516082765e-06,kite,0.0005616659764200449,8.231665248352785e-06,0.0003600330092012882,1.470512807658956e-06,15.4375,23,2,7.306757079660443e-07,11,0.0006929129594936967,81,0.25,2,1e-06
1.243559061390216e-06,kite,0.0005617419956251979,1.023615341782275e-05,0.0003660410875454545,1.4307897443147153e-06,18.1875,25,2,7.076158250106091e-07,11,0.0007517699850723147,81,0.25,2,1e-06
1.2210992895077921e-06,kite,0.0005672749830409884,7.201205441314673e-06,0.0003780509578064084,1.3171939214739394e-06,20.9375,28,2,4.938788852329898e-07,11,0.000756873982027173,81,0.25,2,1e-06
1.1696810188748031e-05,kite,0.0005631670355796814,1.6499030321071696e-05,0.00035909400321543217,1.1703232763303965e-05,23.8125,29,2,3.876706496957043e-07,11,0.0007055450696498156,81,0.25,2,1e-06
3.0613902764042654e-06,kite,0.0005604539765045047,2.2745722302368097e-05,0.0003850531065836549,3.0613902918391658e-06,4.3125,11,2,3.1050346701568146e-10,15,0.0010224540019407868,81,0.25,2,1e-09
8.607533867105894e-07,kite,0.0005805870750918984,2.731603637440043e-06,0.00038439908530563116,8.607533874803536e-07,7.0625,14,2,2.385871175417114e-11,15,0.0010407960508018732,81,0.25,2,1e-09
1.1424890512105828e-06,kite,0.0005612480454146862,2.265492623881673e-06,0.000376757001504302,1.1424890564536124e-06,9.8125,17,2,1.1136237183408423e-10,15,0.0010565889533609152,81,0.25,2,1e-09
1.2813216036423464e-06,kite,0.0005745019298046827,2.0817316227286085e-06,0.00038618198595941067,1.2813216024061738e-06,12.5625,20,2,4.047224634784643e-11,15,0.0010362030006945133,81,0.25,2,1e-09
1.2761351517868187e-06,kite,0.0005593199748545885,1.9277290092567965e-06,0.0003776999656111002,1.2761351552790623e-06,15.4375,23,2,8.259618634818803e-11,15,0.0010597469517961144,81,0.25,2,1e-09
1.2435590616167197e-06,kite,0.0005773470038548112,1.7196340298309507e-06,0.00037331192288547754,1.2435590606634775e-06,18.1875,25,2,1.388307791015306e-11,15,0.0010846799705177546,81,0.25,2,1e-09
1.2210992903252785e-06,kite,0.0005673540290445089,1.6166698285462703e-06,0.0003751659533008933,1.2210992910991462e-06,20.9375,28,2,5.691051250867539e-11,15,0.0010525661054998636,81,0.25,2,1e-09
1.1696811978104018e-05,kite,0.000564287998713553,1.575521811397409e-05,0.0003783629508689046,1.1696811978265859e-05,23.8125,29,2,1.2627099035679338e-10,15,0.0010943410452455282,81,0.25,2,1e-09
1.697620030833325e-08,kite,0.0005721789784729481,0.005848406623461237,0.0005623209290206432,0.0005506242032449542,4.3125,11,4,0.0005506242029832595,8,0.0007650710176676512,161,0.125,1,0.001
9.183543833099204e-08,kite,0.0005721129709854722,0.0013441183495058334,0.0004562879912555218,0.00011251722622023968,7.0625,14,3,0.00011251718874264836,8,0.0004619400715455413,161,0.125,1,0.001
1.2273211322838293e-07,kite,0.0005661450559273362,0.00030605008350187397,0.0004344419576227665,7.321630650334211e-05,9.8125,17,3,7.321620363567181e-05,8,0.0004205849254503846,161,0.125,1,0.001
1.3841771122030067e-07,kite,0.0005603410536423326,0.0017318984840672409,0.0004980000667273998,0.00017323110820894748,12.5625,20,4,0.00017323105290864901,8,0.0004163540434092283,161,0.125,1,0.001
1.4061126818282548e-07,kite,0.0005581270670518279,0.0034634773502721446,0.00048537703696638346,0.00020282681223996992,15.4375,23,4,0.00020282676350003874,8,0.0003808059263974428,161,0.125,1,0.001
1.3662975183498679e-07,kite,0.0005605589831247926,0.00528114606429795,0.0004919118946418166,0.00020837622829047162,18.1875,25,4,0.00020837618349723948,8,0.0003787269815802574,161,0.125,1,0.001
1.3415214306188776e-07,kite,0.0005677840672433376,0.004964533245483597,0.0004925780231133103,0.00021176834327290314,20.9375,28,4,0.00021176830078119702,8,0.00040240795351564884,161,0.125,1,0.001
5.50270789631668e-07,kite,0.0005634250119328499,0.005993422884430988,0.0004975770134478807,0.0001874207424960172,23.8125,29,4,0.0001874199346916516,8,0.00038554705679416656,161,0.125,1,0.001
1.6990584563473537e-08,kite,0.0005577219417318702,6.023573073404893e-06,0.0003701519453898072,9.312073909653958e-07,4.3125,11,2,9.310523750167511e-07,11,0.0008528539910912514,161,0.125,1,1e-06
9.184102783475841e-08,kite,0.0005600089207291603,1.25696418385817e-06,0.0003571850247681141,3.2015446726993793e-07,7.0625,14,2,3.0669872604735443e-07,11,0.000757180037908256,161,0.125,1,1e-06
1.227333113059721e-07,kite,0.0005563560407608747,4.4586309932708016e-06,0.00034552288707345724,5.978768960316597e-07,9.8125,17,2,5.851438433006087e-07,11,0.0006806999444961548,161,0.125,1,1e-06
1.3841826046209896e-07,kite,0.0005599700380116701,5.573306394348127e-06,0.0003423270536586642,6.854614822688904e-07,12.5625,20,2,6.713403226939269e-07,11,0.0006762970006093383,161,0.125,1,1e-06
1.4061167105816187e-07,kite,0.0005573650123551488,7.956763045674702e-06,0.0003491679672151804,7.134110545123197e-07,15.4375,23,2,6.994166786284776e-07,11,0.0006771250627934933,161,0.125,1,1e-06
1.366302397491715e-07,kite,0.0005629679653793573,9.707075839966977e-06,0.00036403199192136526,6.897625954854138e-07,18.1875,25,2,6.760951233518189e-07,11,0.0008078620303422213,161,0.125,1,1e-06
1.3415344577969258e-07,kite,0.0005678089801222086,6.3618755773032436e-06,0.0003651190781965852,4.7085326011608664e-07,20.9375,28,2,4.513376179691157e-07,11,0.0008129079360514879,161,0.125,1,1e-06
5.504722253083446e-07,kite,0.0005723669892176986,2.2523281925714633e-06,0.00037109595723450184,5.664380414851897e-07,23.8125,29,2,1.3353794262995327e-07,11,0.0009246019180864096,161,0.125,1,1e-06
1.699059589417423e-08,kite,0.0005557399708777666,1.2302207452494777e-07,0.0003818379482254386,1.699306948291769e-08,4.3125,11,2,2.8994565628856665e-10,15,0.001116878935135901,161,0.125,1,1e-09
9.184102819482011e-08,kite,0.0005769230192527175,2.9443769140575575e-07,0.00037520600017160177,9.184102983662746e-08,7.0625,14,2,1.835601025042188e-11,15,0.001070045051164925,161,0.125,1,1e-09
1.2273331136724814e-07,kite,0.000559347914531827,2.45422747958017e-07,0.0003682739334180951,1.2273335861980775e-07,9.8125,17,2,1.0885143782887341e-10,15,0.001060236943885684,161,0.125,1,1e-09
1.3841826048636077e-07,kite,0.0005605670157819986,2.2674060140193975e-07,0.0003808919573202729,1.3841826571543285e-07,12.5625,20,2,3.8423626927739817e-11,15,0.0010738259879872203,161,0.125,1,1e-09
1.4061167107477357e-07,kite,0.0005591911030933261,2.1070787326679637e-07,0.0003829729976132512,1.4061169491190624e-07,15.4375,23,2,7.98867860560041e-11,15,0.0012951440876349807,161,0.125,1,1e-09
1.3663023977230642e-07,kite,0.0005577680421993136,1.8818182126321673e-07,0.0003808271139860153,1.3663024014248896e-07,18.1875,25,2,1.4046995282556604e-11,15,0.001101256930269301,161,0.125,1,1e-09
1.3415344586701427e-07,kite,0.0005653770640492439,1.7732976394067117e-07,0.00038368802051991224,1.341534572050522e-07,20.9375,28,2,5.370344411764358e-11,15,0.0010994250187650323,161,0.125,1,1e-09
5.50472343524288e-07,kite,0.0005690399557352066,7.408591045560806e-07,0.0003896859707310796,5.504723550206006e-07,23.8125,29,2,1.0379739610294905e-10,15,0.001079929992556572,161,0.125,1,1e-09
0.031927373873972785,crescent,0.0005762029904872179,0.17233626627355758,0.0007262789877131581,0.031929245948937195,4.3125,13,6,0.00034592826140199446,8,0.00022562395315617323,11,2.0,16,0.001
0.019988252957772006,crescent,0.0005501899868249893,0.05643962856235315,0.0005501729901880026,0.019989695444247887,7.0625,17,5,0.00024018888210519334,8,0.00019316794350743294,11,2.0,16,0.001
0.003401335761468147,crescent,0.0005508820759132504,0.00837219593425179,0.00047067797277122736,0.00340195576348773,9.8125,21,4,6.494692661008221e-05,8,0.0001934500178322196,11,2.0,16,0.001
0.010466909964994895,crescent,0.0005616240669041872,0.015371292552165825,0.000538296066224575,0.010467453551292126,12.5625,26,5,0.00010668120751258106,8,0.00019589194562286139,11,2.0,16,0.001
0.009708730661595702,crescent,0.0005855599883943796,0.013832264908860343,0.0005854660412296653,0.00971001762423555,15.4375,31,5,0.00015809351484094155,8,0.00019545399118214846,11,2.0,16,0.001
0.004216731103012437,crescent,0.0005581210134550929,0.006688102814152806,0.0005658930167555809,0.004220999236506356,18.1875,35,5,0.00018977354884622616,8,0.0001980699598789215,11,2.0,16,0.001
0.02903229595090171,crescent,0.0005651359679177403,0.033055247850344256,0.0006467700004577637,0.02903319468330748,20.9375,39,6,0.00022853743867547318,8,0.00020169303752481937,11,2.0,16,0.001
0.02970391287051017,crescent,0.0005606790073215961,0.034688400433975454,0.0006318899104371667,0.029704803898287793,23.8125,42,6,0.0002301772440053545,8,0.00019342591986060143,11,2.0,16,0.001
0.002369947321125562,crescent,0.0005602890159934759,0.013280811121614984,0.0005407730350270867,0.002371026899563283,4.3125,13,4,7.154217136868078e-05,8,0.000358936027623713,21,1.0,8,0.001
3.3252259984577316e-05,crescent,0.0005496840458363295,0.001736834050779639,0.00047888397239148617,0.00021641346319928984,7.0625,17,4,0.0002138435743957549,8,0.00031759298872202635,21,1.0,8,0.001
0.00019671542537067898,crescent,0.0005554310046136379,0.000959769782931115,0.0003893229877576232,0.00020677779315392842,9.8125,21,3,6.371889296066243e-05,8,0.00033033895306289196,21,1.0,8,0.001
0.0005188288916277521,crescent,0.0005673209670931101,0.0019300054915413355,0.0004682029830291867,0.0005455236609016851,12.5625,26,4,0.0001685605335412296,8,0.000324334017932415,21,1.0,8,0.001
0.0005302398930370078,crescent,0.0005588880740106106,0.0031757217981368555,0.0004690660862252116,0.0005699805182526248,15.4375,31,4,0.00020910155262524106,8,0.00032591994386166334,21,1.0,8,0.001
0.00022733574049294545,crescent,0.0005594120593741536,0.004692895724800353,0.00046531297266483307,0.000310606646026969,18.1875,35,4,0.00021164817968951245,8,0.00032121094409376383,21,1.0,8,0.001
2.767633110854939e-05,crescent,0.000557831022888422,0.005850878705975861,0.00047491397708654404,0.00021400021656432143,20.9375,39,4,0.0002122030004980254,8,0.00032036995980888605,21,1.0,8,0.001
0.00341751686027929,crescent,0.0005734100705012679,0.004433756515041724,0.0004708899650722742,0.0034186932790339097,23.8125,42,4,8.967909318089984e-05,8,0.00033556600101292133,21,1.0,8,0.001
0.002371188128128592,crescent,0.0005531869828701019,0.013624058024580417,0.0004950439324602485,0.0023711896953568655,4.3125,13,4,2.726247331153749e-06,11,0.0005229589296504855,21,1.0,8,1e-06
3.325918780725339e-05,crescent,0.0005671140970662236,8.002831178261336e-05,0.00042042601853609085,3.3259778532316984e-05,7.0625,17,3,1.9822809931318321e-07,11,0.0005037890514358878,21,1.0,8,1e-06
0.00019672222602502482,crescent,0.0005641790339723229,0.00040021535439312497,0.0004059229977428913,0.00019672315542039977,9.8125,21,3,6.047036551179456e-07,11,0.0005214340053498745,21,1.0,8,1e-06
0.000518833922752556,crescent,0.000567789888009429,0.0007730647008778863,0.0003936279099434614,0.0005188343300737036,12.5625,26,3,6.501291636967584e-07,11,0.0005092410137876868,21,1.0,8,1e-06
0.0005302435056197069,crescent,0.0005635230336338282,0.0006889069902133295,0.0003966389922425151,0.0005302438951736163,15.4375,31,3,6.427400277105942e-07,11,0.0005161369917914271,21,1.0,8,1e-06
0.00022733865310040457,crescent,0.0005572970258072019,0.0002735391200381837,0.0003990299301221967,0.00022733943670579562,18.1875,35,3,5.968989755616136e-07,11,0.0005387020064517856,21,1.0,8,1e-06
2.768583930278507e-05,crescent,0.0005607879720628262,3.7733135228261165e-05,0.0004079589853063226,2.7687971548400013e-05,20.9375,39,3,3.436138690841694e-07,11,0.0005737789906561375,21,1.0,8,1e-06
0.0034180066664022857,crescent,0.0005587839987128973,0.003919807758809842,0.0004934159805998206,0.0034180068365518186,23.8125,42,4,1.078500600286282e-06,11,0.0005075979279354215,21,1.0,8,1e-06
0.0023711886477024227,crescent,0.0005545549793168902,0.013624884675127576,0.0004984430270269513,0.002371188647715929,4.3125,13,4,7.625027608279806e-09,14,0.000546691007912159,21,1.0,8,1e-09
3.325919359148569e-05,crescent,0.0005554769886657596,7.97354772928435e-05,0.000402954057790339,3.325919361255466e-05,7.0625,17,3,1.1661022747751455e-09,14,0.0005411079619079828,21,1.0,8,1e-09
0.00019672222650468865,crescent,0.0005536219105124474,0.00040206899235984783,0.000411581015214324,0.00019672222650516356,9.8125,21,3,6.013541656996689e-10,14,0.0005029749590903521,21,1.0,8,1e-09
0.0005188339230243967,crescent,0.0005536169046536088,0.0007742208184856466,0.0004025049274787307,0.0005188339230212235,12.5625,26,3,5.551199126618624e-10,14,0.0005244360072538257,21,1.0,8,1e-09
0.0005302435058097586,crescent,0.0005570260109379888,0.0006884832237989431,0.00039133697282522917,0.0005302435058120361,15.4375,31,3,1.7946105594803564e-10,14,0.0005095760570839047,21,1.0,8,1e-09
0.00022733865326135893,crescent,0.0005583000602200627,0.0002726061670835484,0.0003975030267611146,0.00022733865326147697,18.1875,35,3,4.665603053511158e-10,14,0.0005100580165162683,21,1.0,8,1e-09
2.7685843021892084e-05,crescent,0.0005587339401245117,3.7249290395169346e-05,0.000400034012272954,2.768584302626217e-05,20.9375,39,3,4.094088113739768e-10,14,0.0005169789073988795,21,1.0,8,1e-09
0.003418006773310734,crescent,0.0005708589451387525,0.003919465327152251,0.0004793609259650111,0.00341800677331226,23.8125,42,4,3.982669711648223e-09,14,0.0005140150897204876,21,1.0,8,1e-09
0.00010039098806926255,crescent,0.0005659110611304641,0.0020674728654747837,0.000556785031221807,0.00026399630604586596,4.3125,13,4,0.00024416326447923104,8,0.0005993999075144529,41,0.5,4,0.001
4.702000722964307e-06,crescent,0.0005608510691672564,0.0013297478688394358,0.0004202040145173669,0.00015846894392732458,7.0625,17,3,0.00015839917101797537,8,0.00042923097498714924,41,0.5,4,0.001
2.3036813127794624e-05,crescent,0.0005618489813059568,0.00048274534323846876,0.00040317303501069546,6.859998078281686e-05,9.8125,21,3,6.461627199496746e-05,8,0.00039123708847910166,41,0.5,4,0.001
6.556301298042351e-06,crescent,0.0005627600476145744,0.0018080708767545105,0.00048023497220128775,0.00016557232833931936,12.5625,26,4,0.00016544246983827968,8,0.00039424002170562744,41,0.5,4,0.001
6.142742164922556e-06,crescent,0.0005855669733136892,0.0028780936488462046,0.0005114239174872637,0.0001959245394004689,15.4375,31,4,0.00019582822028355986,8,0.0003793670330196619,41,0.5,4,0.001
2.546768735435357e-05,crescent,0.0006188310217112303,0.004307343414817823,0.0004886990645900369,0.00019607442863743592,18.1875,35,4,0.000194413421581336,8,0.00038799503818154335,41,0.5,4,0.001
5.842277996062693e-06,crescent,0.0005765600362792611,0.005265340588936526,0.0004831890109926462,0.00019197194433846543,20.9375,39,4,0.0001918830247889956,8,0.0003877639537677169,41,0.5,4,0.001
0.00027683088974230527,crescent,0.0005672399420291185,0.0009232469689364293,0.000485974014736712,0.0002775814122176073,23.8125,42,4,2.039850302004588e-05,8,0.000397853902541101,41,0.5,4,0.001
0.0001004829570807732,crescent,0.0005594289395958185,0.0005958444313015821,0.00044087402056902647,0.00010050176754874785,4.3125,13,3,1.9443808136938607e-06,11,0.0007341629825532436,41,0.5,4,1e-06
4.70234171008961e-06,crescent,0.000556524028070271,1.2647827242941958e-05,0.0003366770688444376,4.705723348341343e-06,7.0625,17,2,1.7836663435843636e-07,11,0.0006226779660210013,41,0.5,4,1e-06
2.3037161558635868e-05,crescent,0.0005607729544863105,4.269214165992313e-05,0.000420099007897079,2.3046286039592395e-05,9.8125,21,3,6.484501021170456e-07,11,0.0006401099963113666,41,0.5,4,1e-06
6.556345627321065e-06,crescent,0.0005619970615953207,1.0375794160889417e-05,0.0003395789535716176,6.591746462843062e-06,12.5625,26,2,6.822415010733109e-07,11,0.0006497250869870186,41,0.5,4,1e-06
6.142775786048263e-06,crescent,0.0005552390357479453,1.0545164519919479e-05,0.00034843001049011946,6.180018876096684e-06,15.4375,31,2,6.774503298206743e-07,11,0.0006181770004332066,41,0.5,4,1e-06
2.5467819252670408e-05,crescent,0.000565757043659687,3.237192773821678e-05,0.0004107779823243618,2.5475875943617756e-05,18.1875,35,3,6.406541464465285e-07,11,0.0006438519340008497,41,0.5,4,1e-06
5.842371997791458e-06,crescent,0.0005610280204564333,9.981085037264062e-06,0.0003430059878155589,5.860100291234307e-06,20.9375,39,2,4.5548312210852556e-07,11,0.0006450200453400612,41,0.5,4,1e-06
0.0002769060677180047,crescent,0.0005639339797198772,0.0003154047839144719,0.000454925000667572,0.000276906747991558,23.8125,42,3,6.137952492194463e-07,11,0.0007787819486111403,41,0.5,4,1e-06
0.00010048303366721543,crescent,0.000571959069930017,0.0005972780704798554,0.00045559508726000786,0.00010048303374206248,4.3125,13,3,3.876398899133524e-09,14,0.0007597580552101135,41,0.5,4,1e-09
4.7023417466464686e-06,crescent,0.0005556290270760655,1.2555337739128428e-05,0.00035307800862938166,4.702341893432877e-06,7.0625,17,2,1.1678746782040637e-09,14,0.0007293260423466563,41,0.5,4,1e-09
2.3037161580249726e-05,crescent,0.0005547369364649057,4.4606234849574066e-05,0.0004367539659142494,2.303716160841691e-05,9.8125,21,3,1.1367807015885634e-09,14,0.0007432299898937345,41,0.5,4,1e-09
6.5563456300134136e-06,crescent,0.0005622609751299024,9.404000536338138e-06,0.00035504705738276243,6.556345693699647e-06,12.5625,26,2,9.248041090095863e-10,14,0.0007216790691018105,41,0.5,4,1e-09
6.142775787894378e-06,crescent,0.0005715029546990991,8.244547496039112e-06,0.00034839799627661705,6.142775789762362e-06,15.4375,31,2,1.4514080416752625e-10,14,0.0007277289405465126,41,0.5,4,1e-09
2.546781926009551e-05,crescent,0.000564896035939455,3.049270839720058e-05,0.0004285210743546486,2.5467819268161855e-05,18.1875,35,3,7.339883256394321e-10,14,0.0007279100827872753,41,0.5,4,1e-09
5.842372003925163e-06,crescent,0.0005772219737991691,6.819629724793266e-06,0.00036350206937640905,5.842372003124812e-06,20.9375,39,2,4.879621176784115e-11,14,0.0007564190309494734,41,0.5,4,1e-09
0.00027690609664820853,crescent,0.0005731499986723065,0.00031465715806491183,0.00043178105261176825,0.00027690609665158495,23.8125,42,3,1.4949251054770565e-09,14,0.0007477439939975739,41,0.5,4,1e-09
2.5723935064146697e-06,crescent,0.0005731399869546294,0.0033103264640754635,0.0005772670265287161,0.0003958804989751324,4.3125,13,4,0.00039587214130509395,8,0.000727436039596796,81,0.25,2,0.001
7.039274090980538e-07,crescent,0.0005554530071094632,0.001085741155175046,0.0004261189606040716,0.0001263073688150902,7.0625,17,3,0.00012630540726034058,8,0.0004164100391790271,81,0.25,2,0.001
9.208665515677344e-07,crescent,0.0005543919978663325,0.00034329827898645006,0.0004178520757704973,6.439141906426635e-05,9.8125,21,3,6.438483403650961e-05,8,0.0004136349307373166,81,0.25,2,0.001
1.023242260699708e-06,crescent,0.0005665619391947985,0.001724124553537873,0.0004809660604223609,0.00015692715438351748,12.5625,26,4,0.00015692381832664356,8,0.00039187201764434576,81,0.25,2,0.001
1.0108501720302323e-06,crescent,0.0005578510463237762,0.0026715964858770934,0.0004791469546034932,0.00018253564595853728,15.4375,31,4,0.00018253284698229523,8,0.00039353000465780497,81,0.25,2,0.001
9.76738721429698e-07,crescent,0.0005586500046774745,0.004000072665395788,0.0004793020198121667,0.00018152601689840382,18.1875,35,4,0.00018152338910593964,8,0.000395130948163569,81,0.25,2,0.001
9.365299375477762e-07,crescent,0.000565635971724987,0.004882676270816417,0.00048219901509582996,0.0001794483945645264,20.9375,39,4,0.00017944595070241035,8,0.0003848210908472538,81,0.25,2,0.001
8.528769004600569e-06,crescent,0.0005972039652988315,0.003190506967498524,0.0004895699676126242,9.676769152863968e-05,23.8125,42,4,9.639111070921066e-05,8,0.00040745700243860483,81,0.25,2,0.001
2.5754504593424784e-06,crescent,0.0005583009915426373,1.7720576445098113e-05,0.00036166608333587646,2.892460763996476e-06,4.3125,13,2,1.3165804963837495e-06,11,0.0007497590268030763,81,0.25,2,1e-06
7.039724547113737e-07,crescent,0.0005553739611059427,2.210212556157812e-06,0.0003628829726949334,7.3963396946481e-07,7.0625,17,2,2.268946685362466e-07,11,0.0007736450061202049,81,0.25,2,1e-06
9.208770532607465e-07,crescent,0.0005678980378434062,3.2003515560271753e-06,0.00036757602356374264,1.0936495906835978e-06,9.8125,21,2,5.899617626771679e-07,11,0.000754966982640326,81,0.25,2,1e-06
1.023247100525115e-06,crescent,0.0005618240684270859,4.875247874153051e-06,0.000364661100320518,1.2070317987450826e-06,12.5625,26,2,6.402274098337696e-07,11,0.0008047709707170725,81,0.25,2,1e-06
1.0108536714410241e-06,crescent,0.0005863589467480779,6.474615701140366e-06,0.0003741730470210314,1.1982595738427902e-06,15.4375,31,2,6.434289840883375e-07,11,0.0007865419611334801,81,0.25,2,1e-06
9.767426663029565e-07,crescent,0.000567610957659781,8.015796098080587e-06,0.0003624309320002794,1.15095753356531e-06,18.1875,35,2,6.088324979003029e-07,11,0.0007350449450314045,81,0.25,2,1e-06
9.36539468302837e-07,crescent,0.0005681780166924,6.407364744109706e-06,0.0003690419252961874,1.0265640032947696e-06,20.9375,39,2,4.20389673205332e-07,11,0.0008467950392514467,81,0.25,2,1e-06
8.531951307488764e-06,crescent,0.0005667010555043817,1.1350460051999734e-05,0.00036696705501526594,8.538178745446448e-06,23.8125,42,2,3.2604172741141676e-07,11,0.0006951250834390521,81,0.25,2,1e-06
2.5754539166080276e-06,crescent,0.0005627889186143875,1.5601408400404798e-05,0.00038644997403025627,2.5754539332818932e-06,4.3125,13,2,2.943473522735721e-10,15,0.0010302469599992037,81,0.25,2,1e-09
7.039724582988413e-07,crescent,0.0005591100780293345,1.9194087233565553e-06,0.0003781629493460059,7.039724595198386e-07,7.0625,17,2,2.3184878924069948e-11,15,0.0010337070561945438,81,0.25,2,1e-09
9.208770538766246e-07,crescent,0.0005727570969611406,1.735821004127107e-06,0.0003776419907808304,9.208770589991252e-07,9.8125,21,2,1.041942464459965e-10,15,0.0010031269630417228,81,0.25,2,1e-09
1.023247100770609e-06,crescent,0.0005580320721492171,1.4925291968087815e-06,0.0003720310050994158,1.0232471005427425e-06,12.5625,26,2,3.732332203099071e-11,15,0.0010369248921051621,81,0.25,2,1e-09
1.0108536716053822e-06,crescent,0.00056526402477175,1.318810925953196e-06,0.0003683660179376602,1.0108536761646209e-06,15.4375,31,2,7.458380584561587e-11,15,0.0010245550656691194,81,0.25,2,1e-09
9.767426665045314e-07,crescent,0.0005613230168819427,1.1818561026097389e-06,0.00037280109245330095,9.767426652354004e-07,18.1875,35,2,1.1900635759070747e-11,15,0.0010380949825048447,81,0.25,2,1e-09
9.36539469031258e-07,crescent,0.0005739919142797589,1.0774773473746344e-06,0.0003794819349423051,9.365394702397626e-07,20.9375,39,2,4.941741311487785e-11,15,0.0010651249904185534,81,0.25,2,1e-09
8.531953002305151e-06,crescent,0.0005946860183030367,9.647027529163935e-06,0.00039372395258396864,8.531953001100957e-06,23.8125,42,2,1.0762466535337672e-10,15,0.0011555730598047376,81,0.25,2,1e-09
1.3989711570888128e-08,crescent,0.00056175806093961,0.004124957196001331,0.0005647270008921623,0.00047904902768762736,4.3125,13,4,0.0004790490274833464,8,0.0007604459533467889,161,0.125,1,0.001
7.529010470959178e-08,crescent,0.0005733169382438064,0.0009570674558562809,0.00042410497553646564,0.0001099483337915429,7.0625,17,3,0.00010994830801307274,8,0.00040195800829678774,161,0.125,1,0.001
9.910197363996455e-08,crescent,0.0005653980188071728,0.0002865105856578575,0.00042098702397197485,6.394939744465835e-05,9.8125,21,3,6.394932065576411e-05,8,0.00041624403093010187,161,0.125,1,0.001
1.1068918531940632e-07,crescent,0.000563328037969768,0.0016647417351729175,0.00048224907368421555,0.00015123449706534788,12.5625,26,4,0.00015123445655839624,8,0.00039118609856814146,161,0.125,1,0.001
1.1171619167316035e-07,crescent,0.0005586990155279636,0.00254728328238713,0.00048527505714446306,0.0001745474351170215,15.4375,31,4,0.00017454739936597908,8,0.00039285304956138134,161,0.125,1,0.001
1.0761880657079797e-07,crescent,0.0005585659528151155,0.003821478430183359,0.00046609598211944103,0.00017412511885520697,18.1875,35,4,0.0001741250855980614,8,0.00037529796827584505,161,0.125,1,0.001
1.0305060418972633e-07,crescent,0.0005616210401058197,0.0046628051540457205,0.00048118201084434986,0.0001723945636186551,20.9375,39,4,0.00017239453281888694,8,0.00038667209446430206,161,0.125,1,0.001
4.0032420613681767e-07,crescent,0.0005632879910990596,0.004631835862486648,0.00047823297791182995,0.00014597692463692426,23.8125,42,4,0.00014597637571534292,8,0.00037548202089965343,161,0.125,1,0.001
1.4002779447056545e-08,crescent,0.0005637380527332425,4.761082292927334e-06,0.00035891192965209484,8.784804364714623e-07,4.3125,13,2,8.783688288506809e-07,11,0.0007441500201821327,161,0.125,1,1e-06
7.529522041697328e-08,crescent,0.0005697000306099653,8.225783239931772e-07,0.0003851120127364993,2.764725550917959e-07,7.0625,17,2,2.6602199789660665e-07,11,0.0006627609254792333,161,0.125,1,1e-06
9.910305594467023e-08,crescent,0.0005718700122088194,3.2858880767904254e-06,0.0003538500750437379,5.543470146556543e-07,9.8125,21,2,5.454165352972247e-07,11,0.0006931599928066134,161,0.125,1,1e-06
1.1068967226131816e-07,crescent,0.0005679549649357796,4.660354768574071e-06,0.00035868596751242876,6.178189653076753e-07,12.5625,26,2,6.078224007016743e-07,11,0.0007994980551302433,161,0.125,1,1e-06
1.117165379592711e-07,crescent,0.0005618160357698798,6.045513857630189e-06,0.00035660609137266874,6.26081701047811e-07,15.4375,31,2,6.16033855667445e-07,11,0.0007081700023263693,161,0.125,1,1e-06
1.0761921144187917e-07,crescent,0.0005651140818372369,7.508864762325589e-06,0.0003540969919413328,5.917736556310221e-07,18.1875,35,2,5.819056324635311e-07,11,0.0006933070253580809,161,0.125,1,1e-06
1.030516681509835e-07,crescent,0.0005624869372695684,5.6675606545946065e-06,0.0003385749878361821,3.9816149144084785e-07,20.9375,39,2,3.8459449669022617e-07,11,0.0006461249431595206,161,0.125,1,1e-06
4.005010413127753e-07,crescent,0.0005720630288124084,1.7462518374276572e-06,0.00033706100657582283,4.166972481079712e-07,23.8125,42,2,1.1504569524118522e-07,11,0.0006338020320981741,161,0.125,1,1e-06
1.400279080236707e-08,crescent,0.0005697109736502171,8.330798952735735e-08,0.00038537592627108097,1.4303620779051554e-08,4.3125,13,2,2.9181294206243775e-09,14,0.0010718440171331167,161,0.125,1,1e-09
7.52952207746594e-08,crescent,0.0005595890106633306,2.0780693706837847e-07,0.0003663829993456602,7.530428875012167e-08,7.0625,17,2,1.168544497280992e-09,14,0.0010719329584389925,161,0.125,1,1e-09
9.910305600455126e-08,crescent,0.0005678430898115039,1.8916954641648066e-07,0.0003763100830838084,9.910909266488502e-08,9.8125,21,2,1.093871310503925e-09,14,0.001004530000500381,161,0.125,1,1e-09
1.106896722846838e-07,crescent,0.0005591979715973139,1.6340019260661297e-07,0.00036400696262717247,1.106934873293895e-07,12.5625,26,2,9.192577218687912e-10,14,0.0009926570346578956,161,0.125,1,1e-09
1.117165379752003e-07,crescent,0.0005698869936168194,1.4438618262865944e-07,0.00036595005076378584,1.1171661179559438e-07,15.4375,31,2,1.276254864501201e-10,14,0.0010093969758599997,161,0.125,1,1e-09
1.0761921146129632e-07,crescent,0.0005641638999804854,1.30007607507017e-07,0.000377463991753757,1.0762156206134306e-07,18.1875,35,2,7.114863146391846e-10,14,0.0010708719491958618,161,0.125,1,1e-09
1.0305166822882976e-07,crescent,0.000562397064641118,1.179484214616228e-07,0.0003751158947125077,1.0305167926717053e-07,20.9375,39,2,4.690902027435259e-11,14,0.0010099110659211874,161,0.125,1,1e-09
4.0050115366372826e-07,crescent,0.0005704459035769105,4.521213853678877e-07,0.0003694369224831462,4.005020105735157e-07,23.8125,42,2,8.281892045571774e-10,14,0.0010304200695827603,161,0.125,1,1e-09
