best_error,bounding_radii,coupling_dimension_0.001,coupling_dimension_1e-06,coupling_dimension_1e-09,coupling_solve_0.001,coupling_solve_1e-06,coupling_solve_1e-09,cutoff,gap_absolute,gap_wavelengths,grid,kd,local_assemble,local_factor,local_respond,local_total,mie_error,monolithic_assemble,monolithic_dimension,monolithic_factor,monolithic_grid_control,monolithic_solve,order_0.001,order_1e-06,order_1e-09,pair,separation,trace_dimension
2.4527312235620644e-14,[0.5, 0.5],17,21,25,0.0006839759880676866,0.0009559110039845109,0.0012183389626443386,35,1.8849555921538759,3.0,512,10.0,0.9507962270872667,0.000481931958347559,0.08427196892444044,1.0355702569941059,9.61932960716517e-16,1.194670839002356,284,0.0015796159859746695,3.534333147501511e-15,0.0005014510825276375,8,10,12,two_circles,2.884955592153876,142
1.722946003271827e-14,[0.5, 0.5],17,21,25,0.0007228680187836289,0.0009524750057607889,0.0012437949189916253,35,1.2566370614359172,2.0,512,10.0,0.9519442059099674,0.0004996629431843758,0.08424242900218815,1.036705122096464,9.61932960716517e-16,1.1376327510224655,284,0.0011296439915895462,2.8155461170010246e-15,0.000382876954972744,8,10,12,two_circles,2.2566370614359172,142
1.405834890499917e-14,[0.5, 0.5],17,21,25,0.0007037040777504444,0.000966568011790514,0.001214754069224,35,0.6283185307179586,1.0,512,10.0,0.9480820279568434,0.0004543958930298686,0.08425512304529548,1.0328121909406036,9.61932960716517e-16,1.1621113989967853,284,0.0011739679612219334,2.6998679783603635e-15,0.0003962538903579116,8,10,12,two_circles,1.6283185307179586,142
1.452138068986899e-14,[0.5, 0.5],17,21,25,0.0007412099512293935,0.0009792399359866977,0.0012818810064345598,35,0.3141592653589793,0.5,512,10.0,0.9493575429078192,0.0005033710040152073,0.08486358495429158,1.0347440750338137,9.61932960716517e-16,1.171076477970928,284,0.001156977959908545,2.5171562091380333e-15,0.00038111896719783545,8,10,12,two_circles,1.3141592653589793,142
2.5692259787179446e-13,[0.5, 0.5],17,21,29,0.0007447199895977974,0.0009952159598469734,0.0015405279118567705,35,0.15707963267948966,0.25,512,10.0,0.9483839670429006,0.0004680810961872339,0.08372366696130484,1.032594028976746,9.61932960716517e-16,1.1779813329922035,284,0.001148075913079083,3.0400255477028018e-15,0.0003832870861515403,8,10,14,two_circles,1.1570796326794897,142
6.681928550044078e-13,[0.5, 0.5],17,21,33,0.0007180849788710475,0.0009962789481505752,0.001900848001241684,35,0.07539822368615504,0.12,512,10.0,0.9531585880322382,0.0004992299946025014,0.0844196209218353,1.0380996400490403,9.61932960716517e-16,1.191117821028456,284,0.0011337200412526727,2.881533916003638e-15,0.00039248005487024784,8,10,16,two_circles,1.075398223686155,142
1.937762509372865e-12,[0.5, 0.5],17,21,33,0.0007539489306509495,0.0010447889799252152,0.0019444850040599704,35,0.03769911184307752,0.06,512,10.0,0.9834995199926198,0.0004860570188611746,0.08742952602915466,1.0714389220811427,9.61932960716517e-16,1.1809954380150884,284,0.0011340570636093616,2.767620167688057e-15,0.00039568892680108547,8,10,16,two_circles,1.0376991118430776,142
3.8808674365368583e-10,[0.5, 0.5],17,25,33,0.0007058900082483888,0.0012215219903737307,0.0018429320771247149,35,0.01884955592153876,0.03,512,10.0,0.9300918111111969,0.0004423329373821616,0.08265899098478258,1.01321258302778,9.61932960716517e-16,1.227614559000358,284,0.0011638940777629614,3.880896505209465e-10,0.00046274694614112377,8,12,16,two_circles,1.0188495559215387,142
2.8822795877916396e-14,[0.5, 0.5],37,45,53,0.0021481849253177643,0.00301949807908386,0.003910392057150602,57,0.6283185307179586,3.0,512,30.0,0.9421416830737144,0.0013733470113947988,0.48210281506180763,1.4256413239054382,4.489257985673247e-15,1.139318231958896,460,0.004435444949194789,1.403362207875963e-14,0.0008095690282061696,18,22,26,two_circles,1.6283185307179586,230
2.893425106775522e-14,[0.5, 0.5],37,45,53,0.0022811630042269826,0.002982537029311061,0.0041051439475268126,57,0.41887902047863906,2.0,512,30.0,0.95984300901182,0.0014605760807171464,0.49268354987725616,1.454009765991941,4.489257985673247e-15,1.107555964961648,460,0.004200267954729497,1.4634900337565075e-14,0.0008142739534378052,18,22,26,two_circles,1.418879020478639,230
2.910614277330949e-14,[0.5, 0.5],37,45,53,0.002268385956995189,0.003126239054836333,0.0041024640668183565,57,0.20943951023931953,1.0,512,30.0,0.9595800790702924,0.0013662290293723345,0.49066082504577935,1.451631329022348,4.489257985673247e-15,1.1633568949764594,460,0.004280630964785814,1.3490457587505332e-14,0.000844540074467659,18,22,26,two_circles,1.2094395102393196,230
2.1072928054377081e-13,[0.5, 0.5],37,45,57,0.0022527059772983193,0.003132304991595447,0.0046260630479082465,57,0.10471975511965977,0.5,512,30.0,0.9586056270636618,0.0013870218535885215,0.49467638914939016,1.4546918789856136,4.489257985673247e-15,1.147964422008954,460,0.004401511047035456,1.4574959705672946e-14,0.000841607921756804,18,22,28,two_circles,1.1047197551196597,230
1.1181736186186083e-12,[0.5, 0.5],37,49,61,0.002296905964612961,0.0035037060733884573,0.005017865914851427,57,0.05235987755982988,0.25,512,30.0,0.964277197024785,0.0014822419034317136,0.48935724003240466,1.455142239923589,4.489257985673247e-15,1.1611947619821876,460,0.004307686001993716,1.4232394695347807e-14,0.0009040359873324633,18,24,30,two_circles,1.05235987755983,230
3.822409363761096e-12,[0.5, 0.5],37,49,61,0.002200462040491402,0.0034263620618730783,0.005010809050872922,57,0.025132741228718343,0.12,512,30.0,0.9620217769406736,0.0014683410990983248,0.49185070605017245,1.4553644529078156,4.489257985673247e-15,1.165855795959942,460,0.004526129923760891,1.9375024774287497e-12,0.0009765139548107982,18,24,30,two_circles,1.0251327412287183,230
5.994888849694748e-07,[0.5, 0.5],37,49,-1,0.0022452479461207986,0.003435363993048668,,57,0.012566370614359171,0.06,512,30.0,0.9737206168938428,0.0014489711029455066,0.500510417856276,1.4757031290791929,4.489257985673247e-15,1.150901113054715,460,0.004383660038001835,5.996845587080878e-07,0.0008603879250586033,18,24,-1,two_circles,1.0125663706143593,230
0.0003589514971887806,[0.5, 0.5],37,-1,-1,0.002186878933571279,,,57,0.006283185307179586,0.03,512,30.0,0.9603298779111356,0.0014447160065174103,0.4907736460445449,1.4525711219757795,4.489257985673247e-15,1.1496946989791468,460,0.004288334981538355,0.0003585648940170373,0.0008451640605926514,18,-1,-1,two_circles,1.0062831853071796,230
1.7967258905565457e-14,[0.5, 0.5548858652933805],21,29,37,0.0009254099568352103,0.0015131499385461211,0.0022067410172894597,36,1.8849555921538759,3.0,512,10.0,0.9224856069777161,0.0004861691268160939,0.07093731302302331,0.9939289239700884,nan,1.0935126149561256,292,0.0012635410530492663,5.102472506712928e-15,0.0003914369735866785,10,14,18,ellipse_crescent,2.9398414574472564,146
1.7320307630328165e-14,[0.5, 0.5548858652933805],21,29,37,0.0010228280443698168,0.0015828489558771253,0.0023292049299925566,36,1.2566370614359172,2.0,512,10.0,0.9206633070716634,0.0004891250282526016,0.07116776402108371,0.9923404891742393,nan,1.1007159100845456,292,0.0012210860149934888,4.382388339032402e-15,0.0003621830837801099,10,14,18,ellipse_crescent,2.311522926729298,146
7.066321962117819e-14,[0.5, 0.5548858652933805],21,29,37,0.0009528900263831019,0.0015888640191406012,0.0022095999447628856,36,0.6283185307179586,1.0,512,10.0,0.9212597910081968,0.000507485936395824,0.07016367209143937,0.9919503459241241,nan,1.1187339919852093,292,0.0012953090481460094,4.577246872320635e-15,0.00039966602344065905,10,14,18,ellipse_crescent,1.6832043960113392,146
2.495472375317685e-11,[0.5, 0.5548858652933805],21,29,45,0.0009934830013662577,0.0015536140417680144,0.0030117901042103767,36,0.3141592653589793,0.5,512,10.0,0.9290031129494309,0.0005014139460399747,0.07091310201212764,1.0004370990209281,nan,1.1346066070254892,292,0.001290994929149747,4.12664799675436e-15,0.00039171590469777584,10,14,22,ellipse_crescent,1.3690451306523599,146
2.9407164092410966e-09,[0.5, 0.5548858652933805],21,33,-1,0.0009471820667386055,0.001928086974658072,,36,0.15707963267948966,0.25,512,10.0,0.924624499049969,0.0005171268712729216,0.07069260615389794,0.9958533690078184,nan,1.1414482060354203,292,0.0012636390747502446,3.448268039195884e-15,0.0004376429133117199,10,16,-1,ellipse_crescent,1.2119654979728702,146
1.6363195868939133e-08,[0.5, 0.5548858652933805],21,37,-1,0.0010028770193457603,0.002314510988071561,,36,0.07539822368615504,0.12,512,10.0,0.9327001159545034,0.0005344130331650376,0.07252536702435464,1.0057817009510472,nan,1.149656779016368,292,0.0011940989643335342,3.911031533885713e-15,0.0003769670147448778,10,18,-1,ellipse_crescent,1.1302840889795356,146
5.964173858468243e-08,[0.5, 0.5548858652933805],21,45,-1,0.0009576759766787291,0.003112001926638186,,36,0.03769911184307752,0.06,512,10.0,0.9186922030057758,0.0005002199904993176,0.07069863204378635,0.9899114370346069,nan,1.1519760420778766,292,0.0012700570514425635,3.3072963406152624e-15,0.00040182797238230705,10,22,-1,ellipse_crescent,1.0925849771364582,146
1.3193135639327087e-07,[0.5, 0.5548858652933805],21,45,-1,0.0009468490025028586,0.003049097955226898,,36,0.01884955592153876,0.03,512,10.0,0.9194805740844458,0.0005069599719718099,0.07100179605185986,0.9910074309445918,nan,1.1538034789264202,292,0.0012461260193958879,3.640192893238199e-15,0.0004483850207179785,10,22,-1,ellipse_crescent,1.0737354212149193,146
3.497367789346619e-14,[0.5, 0.5548858652933805],45,57,65,0.0035712560638785362,0.004594316007569432,0.005628186976537108,60,0.6283185307179586,3.0,512,30.0,0.995871615014039,0.001678110915236175,0.34796498203650117,1.3455384781118482,nan,1.1606943539809436,484,0.004917238024063408,1.8813250788115908e-14,0.0009553899290040135,22,28,32,ellipse_crescent,1.6832043960113392,242
3.91471102521331e-14,[0.5, 0.5548858652933805],45,57,65,0.003077017026953399,0.004431557958014309,0.005647422978654504,60,0.41887902047863906,2.0,512,30.0,0.9840024809818715,0.0016253869980573654,0.34441536595113575,1.3300678880186751,nan,1.2013949189567938,484,0.005103665986098349,2.0763984089166012e-14,0.001105570001527667,22,28,32,ellipse_crescent,1.4737648857720196,242
2.788389481089641e-11,[0.5, 0.5548858652933805],45,57,77,0.0029589099576696754,0.00457044190261513,0.007589941960759461,60,0.20943951023931953,1.0,512,30.0,0.9813500971067697,0.0016196839278563857,0.3437712610466406,1.3267657191026956,nan,1.1927679140353575,484,0.005082795047201216,1.9371679709552485e-14,0.0010302209993824363,22,28,38,ellipse_crescent,1.2643253755327002,242
3.6114380588549365e-09,[0.5, 0.5548858652933805],45,61,-1,0.0030250810086727142,0.004985106992535293,,60,0.10471975511965977,0.5,512,30.0,0.9877432179637253,0.0016488370019942522,0.34271028300281614,1.3321268041618168,nan,1.1826184780802578,484,0.005101641989313066,1.744220006862845e-14,0.0009695930639281869,22,30,-1,ellipse_crescent,1.1596056204130403,242
6.315977691397379e-08,[0.5, 0.5548858652933805],45,73,-1,0.003034086083061993,0.006945152068510652,,60,0.05235987755982988,0.25,512,30.0,0.9981624080101028,0.001672731013968587,0.34681685199029744,1.3466772381216288,nan,1.2022044910117984,484,0.005016483017243445,1.6733822473345486e-14,0.0009876309195533395,22,36,-1,ellipse_crescent,1.1072457428532105,242
3.6685170076783887e-07,[0.5, 0.5548858652933805],45,81,-1,0.003025040030479431,0.008510087965987623,,60,0.025132741228718343,0.12,512,30.0,0.9847728391177952,0.001605400932021439,0.34436774998903275,1.3307708270149305,nan,1.1883216559654102,484,0.005031801061704755,1.6550218580523518e-14,0.0010157650103792548,22,40,-1,ellipse_crescent,1.080018606522099,242
8.480140560897101e-07,[0.5, 0.5548858652933805],45,89,-1,0.002990570035763085,0.009825637098401785,,60,0.012566370614359171,0.06,512,30.0,0.98387297289446,0.0016286320751532912,0.3442232391098514,1.3297482390189543,nan,1.186920234002173,484,0.004941252991557121,1.617732240364025e-14,0.0009863160084933043,22,44,-1,ellipse_crescent,1.0674522359077399,242
1.3133962336359835e-06,[0.5, 0.5548858652933805],45,-1,-1,0.0030319730285555124,,,60,0.006283185307179586,0.03,512,30.0,0.9857967080315575,0.0016294179949909449,0.3446082519367337,1.3320569009520113,nan,1.1773429940221831,484,0.005078385001979768,1.6375384799834443e-14,0.0008880429668352008,22,-1,-1,ellipse_crescent,1.0611690506005602,242
