shape,epsr,frequency_ghz,acquisition,kR,kiR,rank,structural_nullity,field_refinement,mie_relative,refinement_relative_to_sigma1
circle,2.0,0.5,paired,0.3143767532927455,0.4445958682014213,7,57,2.267031777624704e-15,1.7099478464964402e-15,3.3669027841501675e-15
circle,2.0,0.5,multistatic,0.3143767532927455,0.4445958682014213,7,0,2.267031777624704e-15,1.7099478464964402e-15,3.125581386923347e-15
circle,2.0,1.1818181818181817,paired,0.7430723259646711,1.0508629612033593,11,57,1.326208416835248e-15,1.3874317416812833e-15,5.75416522460604e-15
circle,2.0,1.1818181818181817,multistatic,0.7430723259646711,1.0508629612033593,11,0,1.326208416835248e-15,1.3874317416812833e-15,4.197454630132643e-15
circle,2.0,1.8636363636363635,paired,1.1717678986365967,1.6571300542052974,12,57,1.1179647079523278e-15,1.7618604391273791e-15,5.8705367065783055e-15
circle,2.0,1.8636363636363635,multistatic,1.1717678986365967,1.6571300542052974,13,0,1.1179647079523278e-15,1.7618604391273791e-15,5.670406599255569e-15
circle,2.0,2.5454545454545454,paired,1.6004634713085228,2.263397147207236,14,57,2.3633688311623437e-15,2.538694854124824e-15,2.3634987646278822e-14
circle,2.0,2.5454545454545454,multistatic,1.6004634713085228,2.263397147207236,15,0,2.3633688311623437e-15,2.538694854124824e-15,2.3213142227751763e-14
circle,2.0,3.227272727272727,paired,2.029159043980448,2.8696642402091737,14,57,1.0919412399350981e-14,4.035697505768688e-15,1.2993772879458413e-13
circle,2.0,3.227272727272727,multistatic,2.029159043980448,2.8696642402091737,19,0,1.0919412399350981e-14,4.035697505768688e-15,9.719878578821697e-14
circle,2.0,3.9090909090909087,paired,2.4578546166523734,3.4759313332111113,20,57,2.2522358485936658e-14,6.122545364212087e-15,1.6800277782191265e-13
circle,2.0,3.9090909090909087,multistatic,2.4578546166523734,3.4759313332111113,21,0,2.2522358485936658e-14,6.122545364212087e-15,1.6307954794354157e-13
circle,2.0,4.590909090909091,paired,2.8865501893242995,4.08219842621305,23,57,2.5848350422450292e-14,1.0812520356635719e-14,1.8601846735736985e-13
circle,2.0,4.590909090909091,multistatic,2.8865501893242995,4.08219842621305,23,0,2.5848350422450292e-14,1.0812520356635719e-14,1.563222133009732e-13
circle,2.0,5.2727272727272725,paired,3.3152457619962243,4.688465519214986,23,57,2.1343850286183664e-14,1.2188681441832635e-14,1.8193442258642543e-13
circle,2.0,5.2727272727272725,multistatic,3.3152457619962243,4.688465519214986,24,0,2.1343850286183664e-14,1.2188681441832635e-14,1.6878135546169078e-13
circle,2.0,5.954545454545454,paired,3.7439413346681514,5.294732612216927,23,57,3.9046217692670565e-14,2.705565527542992e-14,2.6979516822605036e-13
circle,2.0,5.954545454545454,multistatic,3.7439413346681514,5.294732612216927,24,0,3.9046217692670565e-14,2.705565527542992e-14,3.0551635489355265e-13
circle,2.0,6.636363636363636,paired,4.172636907340076,5.900999705218863,23,57,1.7834010113430176e-14,1.5187572915206617e-14,4.136348091285005e-13
circle,2.0,6.636363636363636,multistatic,4.172636907340076,5.900999705218863,28,0,1.7834010113430176e-14,1.5187572915206617e-14,4.423509119594952e-13
circle,2.0,7.3181818181818175,paired,4.601332480012002,6.507266798220802,23,57,2.0235371970084212e-14,1.9128229541491856e-14,2.3117884196277185e-13
circle,2.0,7.3181818181818175,multistatic,4.601332480012002,6.507266798220802,30,0,2.0235371970084212e-14,1.9128229541491856e-14,2.563192856775725e-13
circle,2.0,8.0,paired,5.030028052683928,7.11353389122274,23,57,2.8034086533862922e-14,2.1873095242885947e-14,2.4884434632123687e-13
circle,2.0,8.0,multistatic,5.030028052683928,7.11353389122274,32,0,2.8034086533862922e-14,2.1873095242885947e-14,2.7026345185221206e-13
circle,4.0,0.5,paired,0.3143767532927455,0.628753506585491,7,57,9.91596290746689e-16,8.043840981638837e-16,3.1986142134825824e-15
circle,4.0,0.5,multistatic,0.3143767532927455,0.628753506585491,7,0,9.91596290746689e-16,8.043840981638837e-16,3.0616448545001597e-15
circle,4.0,1.1818181818181817,paired,0.7430723259646711,1.4861446519293422,11,57,6.580373261201481e-16,1.1219173224072094e-15,5.155992096383499e-15
circle,4.0,1.1818181818181817,multistatic,0.7430723259646711,1.4861446519293422,11,0,6.580373261201481e-16,1.1219173224072094e-15,5.5891381611913475e-15
circle,4.0,1.8636363636363635,paired,1.1717678986365967,2.3435357972731934,12,57,5.732715487651643e-15,2.073886226020061e-15,3.975582729813924e-14
circle,4.0,1.8636363636363635,multistatic,1.1717678986365967,2.3435357972731934,13,0,5.732715487651643e-15,2.073886226020061e-15,4.296682412636834e-14
circle,4.0,2.5454545454545454,paired,1.6004634713085228,3.2009269426170457,14,57,5.542771051423043e-15,4.338375166879514e-15,7.147464528402475e-14
circle,4.0,2.5454545454545454,multistatic,1.6004634713085228,3.2009269426170457,17,0,5.542771051423043e-15,4.338375166879514e-15,7.003992781113492e-14
circle,4.0,3.227272727272727,paired,2.029159043980448,4.058318087960896,18,57,1.682733220841398e-14,1.4105401698460592e-14,1.358426847824543e-13
circle,4.0,3.227272727272727,multistatic,2.029159043980448,4.058318087960896,19,0,1.682733220841398e-14,1.4105401698460592e-14,1.697259361056307e-13
circle,4.0,3.9090909090909087,paired,2.4578546166523734,4.915709233304747,18,57,9.346619433264905e-15,9.39500341884281e-15,6.834803125537419e-14
circle,4.0,3.9090909090909087,multistatic,2.4578546166523734,4.915709233304747,21,0,9.346619433264905e-15,9.39500341884281e-15,7.838191187524995e-14
circle,4.0,4.590909090909091,paired,2.8865501893242995,5.773100378648599,23,57,1.532435529460169e-14,1.4891291406787465e-14,1.3707108806456477e-13
circle,4.0,4.590909090909091,multistatic,2.8865501893242995,5.773100378648599,24,0,1.532435529460169e-14,1.4891291406787465e-14,1.061900415245576e-13
circle,4.0,5.2727272727272725,paired,3.3152457619962243,6.630491523992449,23,57,1.1462472089989307e-14,8.590321566556316e-15,6.269715530852769e-14
circle,4.0,5.2727272727272725,multistatic,3.3152457619962243,6.630491523992449,26,0,1.1462472089989307e-14,8.590321566556316e-15,6.59206570851871e-14
circle,4.0,5.954545454545454,paired,3.7439413346681514,7.487882669336303,23,57,1.2849429482314427e-14,1.3444620550051876e-14,1.0434416967600899e-13
circle,4.0,5.954545454545454,multistatic,3.7439413346681514,7.487882669336303,28,0,1.2849429482314427e-14,1.3444620550051876e-14,1.2278634671694674e-13
circle,4.0,6.636363636363636,paired,4.172636907340076,8.345273814680152,23,57,1.761592467084464e-14,1.6231577574496796e-14,1.4693878980208117e-13
circle,4.0,6.636363636363636,multistatic,4.172636907340076,8.345273814680152,28,0,1.761592467084464e-14,1.6231577574496796e-14,1.112373849220705e-13
circle,4.0,7.3181818181818175,paired,4.601332480012002,9.202664960024004,23,57,5.49766645464025e-15,8.586782834553015e-15,6.018862399210581e-14
circle,4.0,7.3181818181818175,multistatic,4.601332480012002,9.202664960024004,32,0,5.49766645464025e-15,8.586782834553015e-15,5.733001216089192e-14
circle,4.0,8.0,paired,5.030028052683928,10.060056105367856,23,57,9.584830180325364e-15,1.0171764981640321e-14,6.976771379106264e-14
circle,4.0,8.0,multistatic,5.030028052683928,10.060056105367856,34,0,9.584830180325364e-15,1.0171764981640321e-14,1.1066778462521791e-13
circle,9.0,0.5,paired,0.3143767532927455,0.9431302598782365,7,57,5.97322126445674e-16,7.423502844635066e-16,3.2718893928226237e-15
circle,9.0,0.5,multistatic,0.3143767532927455,0.9431302598782365,7,0,5.97322126445674e-16,7.423502844635066e-16,3.1220701292091337e-15
circle,9.0,1.1818181818181817,paired,0.7430723259646711,2.2292169778940134,11,57,7.302672104182696e-15,2.2581118346313594e-15,3.2987246954193224e-14
circle,9.0,1.1818181818181817,multistatic,0.7430723259646711,2.2292169778940134,11,0,7.302672104182696e-15,2.2581118346313594e-15,3.7106718478474e-14
circle,9.0,1.8636363636363635,paired,1.1717678986365967,3.51530369590979,12,57,7.52518976526024e-15,7.920816555031976e-15,5.836135279235368e-14
circle,9.0,1.8636363636363635,multistatic,1.1717678986365967,3.51530369590979,13,0,7.52518976526024e-15,7.920816555031976e-15,5.400529167568033e-14
circle,9.0,2.5454545454545454,paired,1.6004634713085228,4.801390413925569,16,57,1.0849897187767257e-14,9.07407601530507e-15,1.197109102228054e-13
circle,9.0,2.5454545454545454,multistatic,1.6004634713085228,4.801390413925569,17,0,1.0849897187767257e-14,9.07407601530507e-15,1.0466770234573375e-13
circle,9.0,3.227272727272727,paired,2.029159043980448,6.087477131941345,18,57,8.567402434803637e-15,7.905474116722208e-15,1.422522600871162e-13
circle,9.0,3.227272727272727,multistatic,2.029159043980448,6.087477131941345,21,0,8.567402434803637e-15,7.905474116722208e-15,1.6476235066298136e-13
circle,9.0,3.9090909090909087,paired,2.4578546166523734,7.3735638499571206,23,57,9.595328819932955e-15,6.661486485968178e-15,1.7422175739562737e-13
circle,9.0,3.9090909090909087,multistatic,2.4578546166523734,7.3735638499571206,24,0,9.595328819932955e-15,6.661486485968178e-15,2.4142254862628136e-13
circle,9.0,4.590909090909091,paired,2.8865501893242995,8.659650567972898,21,57,1.3608891109306613e-13,8.203264112154892e-14,1.147171912442447e-12
circle,9.0,4.590909090909091,multistatic,2.8865501893242995,8.659650567972898,24,0,1.3608891109306613e-13,8.203264112154892e-14,1.127691107722896e-12
circle,9.0,5.2727272727272725,paired,3.3152457619962243,9.945737285988674,23,57,6.292226105241156e-15,7.84161299086154e-15,4.634868397702866e-14
circle,9.0,5.2727272727272725,multistatic,3.3152457619962243,9.945737285988674,26,0,6.292226105241156e-15,7.84161299086154e-15,5.901914332030938e-14
circle,9.0,5.954545454545454,paired,3.7439413346681514,11.231824004004455,23,57,5.624294247264478e-15,9.987695063902718e-15,4.819750126153007e-14
circle,9.0,5.954545454545454,multistatic,3.7439413346681514,11.231824004004455,28,0,5.624294247264478e-15,9.987695063902718e-15,5.525995352501768e-14
circle,9.0,6.636363636363636,paired,4.172636907340076,12.517910722020227,23,57,4.291024017184852e-15,5.2212763762175265e-15,6.21800230619172e-14
circle,9.0,6.636363636363636,multistatic,4.172636907340076,12.517910722020227,32,0,4.291024017184852e-15,5.2212763762175265e-15,5.667865594527436e-14
circle,9.0,7.3181818181818175,paired,4.601332480012002,13.803997440036007,23,57,3.0065276321409807e-15,7.410626540194528e-15,4.971675031776339e-14
circle,9.0,7.3181818181818175,multistatic,4.601332480012002,13.803997440036007,32,0,3.0065276321409807e-15,7.410626540194528e-15,6.527679483210324e-14
circle,9.0,8.0,paired,5.030028052683928,15.090084158051784,23,57,4.3144896119377316e-15,7.46165965491246e-15,5.417340137932412e-14
circle,9.0,8.0,multistatic,5.030028052683928,15.090084158051784,34,0,4.3144896119377316e-15,7.46165965491246e-15,7.539616977388781e-14
ellipse,2.0,0.5,paired,0.3451243932913409,0.48807959769840037,7,57,2.448458308203163e-15,,4.084223622619358e-15
ellipse,2.0,0.5,multistatic,0.3451243932913409,0.48807959769840037,7,0,2.448458308203163e-15,,3.848739053467633e-15
ellipse,2.0,1.1818181818181817,paired,0.8157485659613513,1.1536426854689463,11,57,1.2785339736368462e-15,,6.325872364806631e-15
ellipse,2.0,1.1818181818181817,multistatic,0.8157485659613513,1.1536426854689463,11,0,1.2785339736368462e-15,,5.395290643690187e-15
ellipse,2.0,1.8636363636363635,paired,1.2863727386313615,1.8192057732394922,13,57,1.0765679795369663e-15,,6.224327538117517e-15
ellipse,2.0,1.8636363636363635,multistatic,1.2863727386313615,1.8192057732394922,13,0,1.0765679795369663e-15,,6.149741711643059e-15
ellipse,2.0,2.5454545454545454,paired,1.7569969113013721,2.4847688610100387,16,57,2.670672439776467e-15,,3.393986727462521e-14
ellipse,2.0,2.5454545454545454,multistatic,1.7569969113013721,2.4847688610100387,17,0,2.670672439776467e-15,,2.993069056951636e-14
ellipse,2.0,3.227272727272727,paired,2.2276210839713824,3.1503319487805843,19,57,1.0385403915073429e-14,,9.44856440788564e-14
ellipse,2.0,3.227272727272727,multistatic,2.2276210839713824,3.1503319487805843,19,0,1.0385403915073429e-14,,8.102245967562757e-14
ellipse,2.0,3.9090909090909087,paired,2.698245256641392,3.8158950365511295,21,57,1.6508613561335744e-14,,1.642619493245121e-13
ellipse,2.0,3.9090909090909087,multistatic,2.698245256641392,3.8158950365511295,21,0,1.6508613561335744e-14,,1.468211932848039e-13
ellipse,2.0,4.590909090909091,paired,3.1688694293114033,4.4814581243216765,22,57,1.81893850170681e-14,,2.4383470448548983e-13
ellipse,2.0,4.590909090909091,multistatic,3.1688694293114033,4.4814581243216765,24,0,1.81893850170681e-14,,2.2820778160439805e-13
ellipse,2.0,5.2727272727272725,paired,3.639493601981413,5.147021212092222,24,57,2.4687601339883453e-14,,2.8496896858844634e-13
ellipse,2.0,5.2727272727272725,multistatic,3.639493601981413,5.147021212092222,27,0,2.4687601339883453e-14,,2.643696644506674e-13
ellipse,2.0,5.954545454545454,paired,4.110117774651424,5.812584299862769,24,57,2.7311523228980354e-14,,2.431360497838913e-13
ellipse,2.0,5.954545454545454,multistatic,4.110117774651424,5.812584299862769,29,0,2.7311523228980354e-14,,2.0013274503134113e-13
ellipse,2.0,6.636363636363636,paired,4.5807419473214335,6.478147387633314,24,57,2.079729263601687e-14,,2.785343624456544e-13
ellipse,2.0,6.636363636363636,multistatic,4.5807419473214335,6.478147387633314,31,0,2.079729263601687e-14,,2.6990586325430117e-13
ellipse,2.0,7.3181818181818175,paired,5.051366119991444,7.14371047540386,24,57,3.5108609517402425e-14,,3.7374265349605417e-13
ellipse,2.0,7.3181818181818175,multistatic,5.051366119991444,7.14371047540386,33,0,3.5108609517402425e-14,,4.320284626320896e-13
ellipse,2.0,8.0,paired,5.521990292661455,7.809273563174406,24,57,1.276798957369997e-13,,8.434196135399441e-13
ellipse,2.0,8.0,multistatic,5.521990292661455,7.809273563174406,36,0,1.276798957369997e-13,,1.0291420107866292e-12
ellipse,4.0,0.5,paired,0.3451243932913409,0.6902487865826819,7,57,8.941485748200981e-16,,4.068026945393883e-15
ellipse,4.0,0.5,multistatic,0.3451243932913409,0.6902487865826819,7,0,8.941485748200981e-16,,3.877615346560144e-15
ellipse,4.0,1.1818181818181817,paired,0.8157485659613513,1.6314971319227025,11,57,6.753805970902395e-16,,5.635060808879082e-15
ellipse,4.0,1.1818181818181817,multistatic,0.8157485659613513,1.6314971319227025,11,0,6.753805970902395e-16,,5.703758447213037e-15
ellipse,4.0,1.8636363636363635,paired,1.2863727386313615,2.572745477262723,14,57,4.0376159106814885e-15,,3.1391608238843385e-14
ellipse,4.0,1.8636363636363635,multistatic,1.2863727386313615,2.572745477262723,13,0,4.0376159106814885e-15,,3.190879387369101e-14
ellipse,4.0,2.5454545454545454,paired,1.7569969113013721,3.5139938226027443,17,57,9.229999217899763e-15,,8.174797420087629e-14
ellipse,4.0,2.5454545454545454,multistatic,1.7569969113013721,3.5139938226027443,17,0,9.229999217899763e-15,,7.480908666389424e-14
ellipse,4.0,3.227272727272727,paired,2.2276210839713824,4.455242167942765,20,57,9.82188374671385e-15,,8.79721243325646e-14
ellipse,4.0,3.227272727272727,multistatic,2.2276210839713824,4.455242167942765,20,0,9.82188374671385e-15,,8.100361102501175e-14
ellipse,4.0,3.9090909090909087,paired,2.698245256641392,5.396490513282784,22,57,1.4291574344625986e-14,,1.0861415608038912e-13
ellipse,4.0,3.9090909090909087,multistatic,2.698245256641392,5.396490513282784,23,0,1.4291574344625986e-14,,1.1759244482876772e-13
ellipse,4.0,4.590909090909091,paired,3.1688694293114033,6.3377388586228065,24,57,1.116159074961222e-14,,9.123927428410914e-14
ellipse,4.0,4.590909090909091,multistatic,3.1688694293114033,6.3377388586228065,27,0,1.116159074961222e-14,,9.126290384464629e-14
ellipse,4.0,5.2727272727272725,paired,3.639493601981413,7.278987203962826,24,57,2.1879132495794903e-14,,1.5945687810138534e-13
ellipse,4.0,5.2727272727272725,multistatic,3.639493601981413,7.278987203962826,29,0,2.1879132495794903e-14,,1.3910899998899634e-13
ellipse,4.0,5.954545454545454,paired,4.110117774651424,8.220235549302847,24,57,1.764252229342118e-14,,9.064988842035327e-14
ellipse,4.0,5.954545454545454,multistatic,4.110117774651424,8.220235549302847,31,0,1.764252229342118e-14,,7.549236000614454e-14
ellipse,4.0,6.636363636363636,paired,4.5807419473214335,9.161483894642867,24,57,9.386995335775976e-15,,9.248284159255806e-14
ellipse,4.0,6.636363636363636,multistatic,4.5807419473214335,9.161483894642867,35,0,9.386995335775976e-15,,8.247640309138322e-14
ellipse,4.0,7.3181818181818175,paired,5.051366119991444,10.102732239982888,24,57,1.7510287355649948e-14,,1.218444404848211e-13
ellipse,4.0,7.3181818181818175,multistatic,5.051366119991444,10.102732239982888,39,0,1.7510287355649948e-14,,1.1495312733343765e-13
ellipse,4.0,8.0,paired,5.521990292661455,11.04398058532291,24,57,1.8467694274906377e-14,,1.636775159025307e-13
ellipse,4.0,8.0,multistatic,5.521990292661455,11.04398058532291,41,0,1.8467694274906377e-14,,1.6602339472330082e-13
ellipse,9.0,0.5,paired,0.3451243932913409,1.0353731798740227,7,57,5.661287934295379e-16,,4.179719097214319e-15
ellipse,9.0,0.5,multistatic,0.3451243932913409,1.0353731798740227,7,0,5.661287934295379e-16,,4.032084573102554e-15
ellipse,9.0,1.1818181818181817,paired,0.8157485659613513,2.4472456978840538,12,57,4.897100306648722e-15,,4.5761901202076904e-14
ellipse,9.0,1.1818181818181817,multistatic,0.8157485659613513,2.4472456978840538,11,0,4.897100306648722e-15,,4.1378022175662416e-14
ellipse,9.0,1.8636363636363635,paired,1.2863727386313615,3.8591182158940844,14,57,2.4878208046303707e-14,,8.582306480799838e-14
ellipse,9.0,1.8636363636363635,multistatic,1.2863727386313615,3.8591182158940844,15,0,2.4878208046303707e-14,,8.332644802145427e-14
ellipse,9.0,2.5454545454545454,paired,1.7569969113013721,5.270990733904116,20,57,1.0474218662623754e-14,,9.164616044761692e-14
ellipse,9.0,2.5454545454545454,multistatic,1.7569969113013721,5.270990733904116,21,0,1.0474218662623754e-14,,9.847879219919969e-14
ellipse,9.0,3.227272727272727,paired,2.2276210839713824,6.6828632519141475,22,57,1.1374530618816964e-14,,3.671507777934257e-14
ellipse,9.0,3.227272727272727,multistatic,2.2276210839713824,6.6828632519141475,25,0,1.1374530618816964e-14,,3.874618423282735e-14
ellipse,9.0,3.9090909090909087,paired,2.698245256641392,8.094735769924176,24,57,9.0217830476934e-15,,4.510160046183956e-14
ellipse,9.0,3.9090909090909087,multistatic,2.698245256641392,8.094735769924176,29,0,9.0217830476934e-15,,4.310822926920246e-14
ellipse,9.0,4.590909090909091,paired,3.1688694293114033,9.50660828793421,24,57,1.6084277149737468e-14,,7.9190173360064e-14
ellipse,9.0,4.590909090909091,multistatic,3.1688694293114033,9.50660828793421,33,0,1.6084277149737468e-14,,7.365811572262536e-14
ellipse,9.0,5.2727272727272725,paired,3.639493601981413,10.918480805944238,24,57,1.1577269723821047e-14,,5.357466676481463e-14
ellipse,9.0,5.2727272727272725,multistatic,3.639493601981413,10.918480805944238,37,0,1.1577269723821047e-14,,5.4195229288096615e-14
ellipse,9.0,5.954545454545454,paired,4.110117774651424,12.33035332395427,24,57,7.062516196392524e-15,,5.366793834812405e-14
ellipse,9.0,5.954545454545454,multistatic,4.110117774651424,12.33035332395427,41,0,7.062516196392524e-15,,5.1880441390969567e-14
ellipse,9.0,6.636363636363636,paired,4.5807419473214335,13.7422258419643,24,57,7.782670240437041e-15,,4.3031030422355717e-14
ellipse,9.0,6.636363636363636,multistatic,4.5807419473214335,13.7422258419643,45,0,7.782670240437041e-15,,5.097959054090563e-14
ellipse,9.0,7.3181818181818175,paired,5.051366119991444,15.154098359974332,24,57,1.5547813612082916e-14,,1.0276825489271068e-13
ellipse,9.0,7.3181818181818175,multistatic,5.051366119991444,15.154098359974332,51,0,1.5547813612082916e-14,,1.0563334594440588e-13
ellipse,9.0,8.0,paired,5.521990292661455,16.565970877984363,24,57,8.417325005734773e-15,,5.074548248636542e-14
ellipse,9.0,8.0,multistatic,5.521990292661455,16.565970877984363,54,0,8.417325005734773e-15,,5.568014092264891e-14
star,2.0,0.5,paired,0.3827420015338375,0.5412789294589769,8,57,2.513638708697534e-15,,4.198895175320216e-15
star,2.0,0.5,multistatic,0.3827420015338375,0.5412789294589769,8,0,2.513638708697534e-15,,3.966874664517981e-15
star,2.0,1.1818181818181817,paired,0.9046629127163431,1.2793865605394001,16,57,1.2906519009172413e-15,,7.234074890338907e-15
star,2.0,1.1818181818181817,multistatic,0.9046629127163431,1.2793865605394001,15,0,1.2906519009172413e-15,,5.368879759709833e-15
star,2.0,1.8636363636363635,paired,1.4265838238988484,2.017494191619823,19,57,1.103932655240363e-15,,7.562767207271027e-15
star,2.0,1.8636363636363635,multistatic,1.4265838238988484,2.017494191619823,20,0,1.103932655240363e-15,,7.0567879606142564e-15
star,2.0,2.5454545454545454,paired,1.9485047350813547,2.7556018227002466,23,57,8.050906888462632e-15,,5.965668034193789e-14
star,2.0,2.5454545454545454,multistatic,1.9485047350813547,2.7556018227002466,26,0,8.050906888462632e-15,,5.4049647844614894e-14
star,2.0,3.227272727272727,paired,2.47042564626386,3.493709453780669,24,57,1.0909342801703614e-14,,1.5583646080481602e-13
star,2.0,3.227272727272727,multistatic,2.47042564626386,3.493709453780669,30,0,1.0909342801703614e-14,,1.317348583588662e-13
star,2.0,3.9090909090909087,paired,2.992346557446365,4.231817084861092,24,57,1.5891717805998175e-14,,1.7711412951086132e-13
star,2.0,3.9090909090909087,multistatic,2.992346557446365,4.231817084861092,36,0,1.5891717805998175e-14,,2.0532108528326978e-13
star,2.0,4.590909090909091,paired,3.5142674686288715,4.969924715941516,24,57,2.4396544711169572e-14,,2.8096951529040094e-13
star,2.0,4.590909090909091,multistatic,3.5142674686288715,4.969924715941516,40,0,2.4396544711169572e-14,,2.974607366809451e-13
star,2.0,5.2727272727272725,paired,4.036188379811376,5.708032347021938,24,57,1.5043600259856917e-14,,1.661661827049393e-13
star,2.0,5.2727272727272725,multistatic,4.036188379811376,5.708032347021938,44,0,1.5043600259856917e-14,,1.4342559078563508e-13
star,2.0,5.954545454545454,paired,4.558109290993883,6.446139978102362,24,57,2.0713092753836714e-14,,2.5431646102365285e-13
star,2.0,5.954545454545454,multistatic,4.558109290993883,6.446139978102362,50,0,2.0713092753836714e-14,,2.824665192186605e-13
star,2.0,6.636363636363636,paired,5.0800302021763875,7.184247609182783,24,57,5.278057009760399e-14,,6.038530017912957e-13
star,2.0,6.636363636363636,multistatic,5.0800302021763875,7.184247609182783,51,0,5.278057009760399e-14,,8.061035874269955e-13
star,2.0,7.3181818181818175,paired,5.601951113358894,7.922355240263209,24,57,3.155663665350451e-14,,3.216044996678083e-13
star,2.0,7.3181818181818175,multistatic,5.601951113358894,7.922355240263209,54,0,3.155663665350451e-14,,3.7473628449811986e-13
star,2.0,8.0,paired,6.1238720245414,8.660462871343631,24,57,5.130915631738669e-14,,5.037784864340188e-13
star,2.0,8.0,multistatic,6.1238720245414,8.660462871343631,61,0,5.130915631738669e-14,,6.435912631323671e-13
star,4.0,0.5,paired,0.3827420015338375,0.765484003067675,8,57,1.0667508640293306e-15,,4.178757340683158e-15
star,4.0,0.5,multistatic,0.3827420015338375,0.765484003067675,8,0,1.0667508640293306e-15,,3.956946487548657e-15
star,4.0,1.1818181818181817,paired,0.9046629127163431,1.8093258254326863,18,57,1.1452404891076013e-15,,1.2752220545820132e-14
star,4.0,1.1818181818181817,multistatic,0.9046629127163431,1.8093258254326863,18,0,1.1452404891076013e-15,,1.5364336047632367e-14
star,4.0,1.8636363636363635,paired,1.4265838238988484,2.853167647797697,21,57,6.0045750165294076e-15,,6.199789114058191e-14
star,4.0,1.8636363636363635,multistatic,1.4265838238988484,2.853167647797697,22,0,6.0045750165294076e-15,,7.029649277429155e-14
star,4.0,2.5454545454545454,paired,1.9485047350813547,3.8970094701627094,23,57,1.1548387232639808e-14,,9.150794050222403e-14
star,4.0,2.5454545454545454,multistatic,1.9485047350813547,3.8970094701627094,30,0,1.1548387232639808e-14,,1.0734595938431041e-13
star,4.0,3.227272727272727,paired,2.47042564626386,4.94085129252772,24,57,1.48224372516869e-14,,1.402476265910818e-13
star,4.0,3.227272727272727,multistatic,2.47042564626386,4.94085129252772,38,0,1.48224372516869e-14,,1.7916481045675614e-13
star,4.0,3.9090909090909087,paired,2.992346557446365,5.98469311489273,24,57,2.2442290844047233e-14,,1.0820466598103071e-13
star,4.0,3.9090909090909087,multistatic,2.992346557446365,5.98469311489273,37,0,2.2442290844047233e-14,,9.334146102562274e-14
star,4.0,4.590909090909091,paired,3.5142674686288715,7.028534937257743,24,57,1.1806981755223732e-14,,1.156741737580185e-13
star,4.0,4.590909090909091,multistatic,3.5142674686288715,7.028534937257743,49,0,1.1806981755223732e-14,,1.1023862031506293e-13
star,4.0,5.2727272727272725,paired,4.036188379811376,8.072376759622752,24,57,1.973663409436919e-14,,1.1898905705534503e-13
star,4.0,5.2727272727272725,multistatic,4.036188379811376,8.072376759622752,50,0,1.973663409436919e-14,,1.1491821034773697e-13
star,4.0,5.954545454545454,paired,4.558109290993883,9.116218581987766,24,57,1.3284427575955328e-14,,8.355433631587391e-14
star,4.0,5.954545454545454,multistatic,4.558109290993883,9.116218581987766,53,0,1.3284427575955328e-14,,8.231282734492104e-14
star,4.0,6.636363636363636,paired,5.0800302021763875,10.160060404352775,24,57,1.0502536451224435e-14,,5.623367829674175e-14
star,4.0,6.636363636363636,multistatic,5.0800302021763875,10.160060404352775,57,0,1.0502536451224435e-14,,7.988907223995463e-14
star,4.0,7.3181818181818175,paired,5.601951113358894,11.203902226717789,24,57,1.423788853990588e-14,,7.505281273155477e-14
star,4.0,7.3181818181818175,multistatic,5.601951113358894,11.203902226717789,59,0,1.423788853990588e-14,,9.526152825036068e-14
star,4.0,8.0,paired,6.1238720245414,12.2477440490828,24,57,1.523130895222745e-14,,7.175692225304645e-14
star,4.0,8.0,multistatic,6.1238720245414,12.2477440490828,65,0,1.523130895222745e-14,,1.0148440792803259e-13
star,9.0,0.5,paired,0.3827420015338375,1.1482260046015125,8,57,6.290327046644991e-16,,4.172382045540352e-15
star,9.0,0.5,multistatic,0.3827420015338375,1.1482260046015125,8,0,6.290327046644991e-16,,4.032553969142842e-15
star,9.0,1.1818181818181817,paired,0.9046629127163431,2.7139887381490295,15,57,1.250839524332059e-14,,5.51478733330937e-14
star,9.0,1.1818181818181817,multistatic,0.9046629127163431,2.7139887381490295,16,0,1.250839524332059e-14,,6.739383074936026e-14
star,9.0,1.8636363636363635,paired,1.4265838238988484,4.279751471696545,19,57,1.9013916032129305e-14,,9.057288137093555e-14
star,9.0,1.8636363636363635,multistatic,1.4265838238988484,4.279751471696545,25,0,1.9013916032129305e-14,,9.865245275425629e-14
star,9.0,2.5454545454545454,paired,1.9485047350813547,5.845514205244064,24,57,1.511760089929903e-14,,6.046593181447576e-14
star,9.0,2.5454545454545454,multistatic,1.9485047350813547,5.845514205244064,34,0,1.511760089929903e-14,,7.228763916845128e-14
star,9.0,3.227272727272727,paired,2.47042564626386,7.41127693879158,24,57,8.489984947807542e-15,,9.21742263645738e-14
star,9.0,3.227272727272727,multistatic,2.47042564626386,7.41127693879158,42,0,8.489984947807542e-15,,9.103694366390199e-14
star,9.0,3.9090909090909087,paired,2.992346557446365,8.977039672339096,24,57,6.027163978592127e-15,,1.1847207278548284e-13
star,9.0,3.9090909090909087,multistatic,2.992346557446365,8.977039672339096,50,0,6.027163978592127e-15,,1.1310647793355909e-13
star,9.0,4.590909090909091,paired,3.5142674686288715,10.542802405886615,24,57,8.784590646231111e-15,,1.0076676522591327e-13
star,9.0,4.590909090909091,multistatic,3.5142674686288715,10.542802405886615,53,0,8.784590646231111e-15,,8.799762816423966e-14
star,9.0,5.2727272727272725,paired,4.036188379811376,12.108565139434129,24,57,1.0531793585822507e-14,,5.167589758778735e-14
star,9.0,5.2727272727272725,multistatic,4.036188379811376,12.108565139434129,55,0,1.0531793585822507e-14,,5.456786890369969e-14
star,9.0,5.954545454545454,paired,4.558109290993883,13.67432787298165,24,57,1.2547588743118991e-14,,5.369430049482596e-14
star,9.0,5.954545454545454,multistatic,4.558109290993883,13.67432787298165,60,0,1.2547588743118991e-14,,5.1898961989872007e-14
star,9.0,6.636363636363636,paired,5.0800302021763875,15.240090606529161,24,57,2.585153648574726e-14,,1.0994911285795768e-13
star,9.0,6.636363636363636,multistatic,5.0800302021763875,15.240090606529161,66,0,2.585153648574726e-14,,1.1085749056742909e-13
star,9.0,7.3181818181818175,paired,5.601951113358894,16.805853340076684,24,57,1.2510327290772605e-14,,6.387984031395245e-14
star,9.0,7.3181818181818175,multistatic,5.601951113358894,16.805853340076684,74,0,1.2510327290772605e-14,,7.514091008742516e-14
star,9.0,8.0,paired,6.1238720245414,18.3716160736242,24,57,1.0955700202270963e-14,,1.2384490253370312e-13
star,9.0,8.0,multistatic,6.1238720245414,18.3716160736242,81,0,1.0955700202270963e-14,,1.1732243005956387e-13
