best_same_branch_fd_mixed_ratio,case,direction,discrete_gate_passed,fd_observed_orders,maximum_adjoint_jvp_absolute_difference,num_nodes,relative_physical_jvp_norm,same_branch_fd_step_count,scattered_objective_jvp,seconds,total_objective_jvp
0.01276938149714072,circle,translation_x,True,"[2.000000982161741, 2.0047513928261145, 0.3959527699556375, -1.1026687500653252]",1.214306433183765e-17,32,0.5001505066964619,5,0.004079903634574405,0.19673784542828798,7.313601074559094e-05
0.0067728872898688815,circle,translation_y,True,"[1.9999976681946865, 1.9991069945467839, 0.17251452666945644, -0.9520917721040537]",5.074066167232161e-17,32,0.19317651135004482,5,0.00206314737490733,0.1958742318674922,3.963994269646064e-05
3.187693084433378e-05,circle,scale,True,"[1.9999940147511666, 2.004847990592347, 0.35595675523551085, -0.967664490989149]",1.7564075194265172e-17,32,0.47202175135982133,5,0.00181979365758428,0.19556244648993015,5.4294544986600064e-05
0.00014280877630293257,circle,shape_mode4,True,"[2.000035360943406, 1.9681247202352021, -0.7592967207453857, -1.104425103326971]",3.577867169202165e-18,32,0.09127089508670398,5,-0.0002885692412486362,0.19626126810908318,-4.286935262309729e-06
4.089370640370364e-05,circle,interior_epsr,True,"[2.0000025028632673, 2.0009432713275808, 0.5110400549864116, -0.9705354979253972]",4.163336342344337e-17,32,0.4557721991198823,5,0.0026001309786096377,0.1966121094301343,5.026090864106798e-05
0.00010760194828699499,circle,exterior_epsr,True,"[1.999972286151303, 1.9996133690267233, 1.9191519180594643, -0.9038572451662846]",6.765421556309548e-17,32,2.7045932957243597,5,0.003738292504956744,0.19653922505676746,0.0012744059986629452
7.001114531417212e-05,circle,mixed,True,"[1.9999812723186448, 1.987077818140524, 0.03010052364692345, -0.8292817260789505]",5.963111948670274e-19,32,0.43998459354193825,5,-0.00040537618926886804,0.19505329057574272,0.00023156791073707163
0.014942870788191249,circle,tangential_phase,True,"[-1.009404945299575, -0.8969821983029985, -1.1434536642602062, -1.0472580372727207]",1.8212299484152375e-18,32,4.622927372625127e-15,5,1.0409176977626248e-16,0.19576309900730848,2.2729713974635666e-18
0.013092130137042905,circle,translation_x,True,"[2.000000901112987, 2.007704316878048, 0.10386639269610488, -0.8779073039425642]",1.474514954580286e-17,64,0.5001505066964553,5,0.004079903634605758,0.5757858641445637,7.313601074630422e-05
0.006773117368483137,circle,translation_y,True,"[1.999982918018846, 1.9999152815540517, -0.03723444489540394, -0.732207247914985]",6.938893903907228e-18,64,0.1931765113500936,5,0.002063147374939802,0.5702850995585322,3.963994269719836e-05
3.468078064255926e-05,circle,scale,True,"[2.00000047802969, 2.0051044743812345, 0.31803571685659315, -1.0896615820775741]",1.951563910473908e-18,64,0.4720217513588989,5,0.0018197936574628015,0.5606338176876307,5.429454498383689e-05
0.00017665903127252888,circle,shape_mode4,True,"[1.9999018993510078, 1.8265667840691053, -0.7467097118393848, -0.8802714334399678]",1.2685165418080402e-17,64,0.09127089508821148,5,-0.00028856924143067094,0.4355527414008975,-4.286935266443819e-06
4.848797850730247e-05,circle,interior_epsr,True,"[1.9999992438019227, 2.0007395630770928, 0.37904387448714544, -1.087254753293116]",4.597017211338539e-17,64,0.45577219911990113,5,0.0026001309787314682,0.4281900143250823,5.0260908643836154e-05
0.00017857687281538955,circle,exterior_epsr,True,"[1.9999722517085117, 1.9997301581249702, 1.886072675013611, -0.8438715836445578]",7.502679033599691e-17,64,2.7045932957246643,5,0.0037382925059986877,0.4284137152135372,0.0012744059987744366
8.866979600800086e-05,circle,mixed,True,"[1.9999934262480576, 1.9882281649274651, -0.00608078674094859, -0.8350621444582159]",1.0299920638612292e-17,64,0.43998459353486963,5,-0.0004053761892338167,0.42366984486579895,0.00023156791075543275
0.014942888359270476,circle,tangential_phase,True,"[-1.2175816001985578, -0.9257856539114221, -1.106683798111152, -0.6701518183177789]",4.235939575132289e-18,64,5.203983498778431e-15,5,-2.026702952304011e-17,0.427861163392663,-4.687391139005454e-19
0.01475225004244386,circle,translation_x,True,"[1.999990058003622, 1.9995755672303637, -0.05222775600355359, -0.8883169332646403]",5.204170427930421e-17,128,0.5001505066964587,5,0.004079903634611108,1.5205897642299533,7.313601074642372e-05
0.006772808333879748,circle,translation_y,True,"[2.000002741524049, 2.0126892046704676, -0.29720804645423893, -1.021791828067759]",1.6046192152785466e-17,128,0.19317651135009603,5,0.002063147374936924,1.5382433952763677,3.96399426971339e-05
8.792856954520923e-05,circle,scale,True,"[2.0000143476178835, 1.9906317526358606, 0.055099065598063636, -1.1645348663914343]",2.2789929665645303e-16,128,0.47202175135890745,5,0.0018197936574676965,1.508558040484786,5.429454498394715e-05
0.00017205830772790522,circle,shape_mode4,True,"[1.9998510765075033, 1.7969515775325895, -0.9579738311150926, -0.9184181129332286]",1.9027748127120603e-17,128,0.09127089508821444,5,-0.0002885692414297686,1.5005917754024267,-4.2869352664237445e-06
9.62455475847307e-05,circle,interior_epsr,True,"[2.0000098921728933, 2.0101376056526408, 0.07153971213531546, -0.9747804437441498]",2.0816681711721685e-17,128,0.4557721991199031,5,0.002600130978728652,1.5161784486845136,5.0260908643772925e-05
0.0001807139537978828,circle,exterior_epsr,True,"[1.999972352133164, 1.9997544082219079, 1.7305137312538361, -0.9089478971862056]",2.49366499671666e-16,128,2.7045932957246657,5,0.0037382925059858056,1.5095611372962594,0.0012744059987737665
0.00011212358301026021,circle,mixed,True,"[1.9999755285942382, 1.9597125998805023, -0.2789598748022471, -0.9446740119859732]",7.39425881635114e-17,128,0.43998459353486896,5,-0.0004053761892318143,1.5157372867688537,0.00023156791075540115
0.01494287429547346,circle,tangential_phase,True,"[-0.7310451830321676, -0.9398743001390444, -1.0263872672504564, -1.1162070571137375]",6.633351388214203e-17,128,5.6257922443998944e-15,5,-9.113463857774795e-17,1.5174721851944923,-2.0972477742318873e-18
0.005878602748558678,ellipse,translation_x,True,"[1.9999897058733713, 1.995146296330017, 0.04441568751690601, -0.9912994541215139]",2.5153490401663703e-17,32,0.4015866614599383,5,-0.004042865282251188,0.16184687335044146,-4.1552764262160574e-05
0.01128327441141864,ellipse,translation_y,True,"[1.9999974813524288, 1.9932970303550863, 0.21510861254903493, -1.0688826559849347]",1.691355389077387e-17,32,0.22877097135938565,5,0.0012353636769400315,0.16125216986984015,6.950186062140459e-07
0.00010492632128318771,ellipse,scale,True,"[1.999988910837143, 1.9977044745127759, 0.3459993283498959, -1.0852229922472993]",7.15573433840433e-18,32,0.5357542582307755,5,-0.0007590663563818449,0.1608255198225379,1.6092758127989197e-05
0.00016862534562907616,ellipse,shape_mode4,True,"[1.9999713456231134, 1.9064566785195594, -0.7163151480094071, -1.1108951945460481]",2.3201926491189795e-17,32,0.079748030001092,5,-0.0008478819536407707,0.1607430037111044,-1.9081576682211528e-05
3.355786446929006e-05,ellipse,interior_epsr,True,"[1.9999963763789923, 2.004816753874521, 0.5325970389212744, -0.8986605495936271]",8.673617379884035e-18,32,0.45015904844357013,5,0.00010932329039719559,0.161455187946558,-1.4394891526262111e-05
0.00019985829452689915,ellipse,exterior_epsr,True,"[1.9999720813045245, 1.9996441756469774, 1.9347539658998925, -0.9054663707964314]",1.1644331332494318e-16,32,2.7163880787080283,5,-0.0011923122154525992,0.16143154352903366,0.0006303728239484643
6.44888142249552e-05,ellipse,mixed,True,"[1.9999780566500795, 1.9878119186229524, -0.1079900022620893, -0.8708991404443748]",9.540979117872439e-18,32,0.4104479928676002,5,-0.0021988620432523464,0.1607769150286913,0.00011400536751707849
0.0175506099154043,ellipse,tangential_phase,True,"[0.3978677338471981, -0.989081663457903, -1.038362535068464, -0.9679949377013152]",4.3136659923227225e-17,32,3.681775378769187e-09,5,-9.427986146398516e-11,0.1611696220934391,-1.7155331209180126e-12
0.005878752825212225,ellipse,translation_x,True,"[1.9999786265438817, 1.9946035677325544, -0.051180477564547404, -0.8349103602392492]",1.3010426069826053e-17,64,0.4015866614600317,5,-0.0040428656376201725,0.5297292107716203,-4.155277072851305e-05
0.011283948704917576,ellipse,translation_y,True,"[1.99998401306042, 1.995533712761494, -0.0014113710814562623, -0.7222728815804479]",8.435092901937224e-17,64,0.22877097106135985,5,0.001235364053139226,0.5879049729555845,6.950254515957565e-07
0.00011564551192373445,ellipse,scale,True,"[1.9999893746575688, 1.9957969388151395, 0.44173361796918403, -1.0589025974725417]",2.3201926491189795e-17,64,0.5357542553716242,5,-0.0007590673945203506,0.5883830720558763,1.6092739237859658e-05
0.00014390302295114432,ellipse,shape_mode4,True,"[2.000090637147172, 1.8573852718158361, -0.599887519063598, -1.165257293255756]",2.168404344971009e-19,64,0.07974804138714364,5,-0.0008478823589796987,0.5886356560513377,-1.908158405782445e-05
3.957870894937169e-05,ellipse,interior_epsr,True,"[2.0000034279187218, 1.9974275257891423, 0.4653603125928651, -0.9024203564124846]",1.0110185258427329e-17,64,0.4501590488210112,5,0.00010932403017803647,0.5886486163362861,-1.4394878065097589e-05
0.0003271031445018187,ellipse,exterior_epsr,True,"[1.9999720281330864, 1.999695558855257, 1.9554927105008733, -0.9659442513351736]",3.9898639947466563e-17,64,2.71638807767236,5,-0.0011923098367929777,0.5875564748421311,0.0006303728886296086
4.932007763706616e-05,ellipse,mixed,True,"[1.9999765136307626, 1.9816263094870898, 0.0671643706594145, -1.1186549395418954]",1.3444106938820255e-17,64,0.4104479914720315,5,-0.0021988624698869672,0.5877107623964548,0.00011400536403370457
0.017549134963415765,ellipse,tangential_phase,True,"[-0.9378777353066586, -0.8705081269580208, -1.2442302133945435, -0.9713223546768068]",7.546120375070976e-17,64,5.330035105164894e-15,5,1.2750290803001397e-16,0.5875265849754214,2.3276604386720304e-18
0.005878691844484273,ellipse,translation_x,True,"[1.9999831312501246, 1.9915322995797247, 0.002238610821275576, -1.0244792529027007]",1.3877787807814457e-17,128,0.4015866614600311,5,-0.0040428656376241675,2.0410582600161433,-4.155277072858827e-05
0.011284186591239372,ellipse,translation_y,True,"[1.9999930342292436, 1.9972572608189174, 0.09146007154290729, -0.7830549604328044]",5.095750210681871e-17,128,0.22877097106135927,5,0.0012353640531405138,2.022044369019568,6.950254516194537e-07
0.00029401949484324897,ellipse,scale,True,"[1.9999978795944662, 2.002553851829612, -0.022666075758481136, -0.6228846640384978]",4.0115480381963664e-17,128,0.5357542553716258,4,-0.0007590673945200752,2.0199098214507103,1.6092739237863544e-05
0.00019582015756483578,ellipse,shape_mode4,True,"[1.9999333062908413, 1.8160406711265813, -0.8658976892650968, -1.1160513160849665]",2.2876665839444144e-17,128,0.07974804138714388,4,-0.0008478823589795885,2.019456003792584,-1.9081584057822602e-05
5.3641919475231336e-05,ellipse,interior_epsr,True,"[1.9999974774429399, 2.000708340418852, 0.32336252490020295, -0.9028038275760562]",4.279888075886529e-17,128,0.4501590488210108,5,0.00010932403017642622,2.020569061860442,-1.4394878065125898e-05
0.000201817115989773,ellipse,exterior_epsr,True,"[1.9999721536770503, 1.9997678299908663, 1.8282293193872439, -1.0520146184590844]",8.456776945386935e-17,128,2.716388077672362,4,-0.0011923098367917126,2.018575644120574,0.0006303728886291756
5.8762726243614255e-05,ellipse,mixed,True,"[1.9999772674509477, 1.9711484642151846, -0.050943740993161124, -1.07251377922436]",1.6046192152785466e-17,128,0.4104479914720335,4,-0.0021988624698869893,2.0250140549615026,0.0001140053640336116
0.017548335433509133,ellipse,tangential_phase,True,"[-0.7405085473542222, -1.1722392471531207, -0.9560565396611707, -0.7935488275470375]",3.4950614206596497e-16,128,1.2879085304439051e-14,4,-3.828995689785185e-16,2.022662333212793,-6.940737929030127e-18
0.004381344573375676,star,translation_x,True,"[1.9999830163556576, 1.9977293134835967, -0.36375625406897966, -1.019670734364734]",1.1275702593849246e-17,32,0.3770991466664805,5,0.007253431585356475,0.2239699810743332,0.00016477496525834116
0.010647059385109887,star,translation_y,True,"[1.999993767929993, 1.9979738369312217, 0.16324954619653304, -1.1339726489984219]",8.239936510889834e-18,32,0.18259201762946642,5,-0.0036664214026664492,0.22323568351566792,-7.372525784425633e-05
7.037623821293505e-05,star,scale,True,"[2.000007279349877, 1.9868254193537724, -0.10378340262642408, -0.9750302521406853]",2.5587171270657905e-17,32,0.4604740616402002,4,-0.0031951003153814117,0.22347285877913237,-6.659925275917751e-05
4.6323607185472206e-05,star,shape_mode4,True,"[2.000094729483505, 1.8504761953265974, -0.951016656709134, -0.8884956944614856]",4.662069341687669e-18,32,0.1323648834175588,4,0.0007700193786620218,0.2225527185946703,1.1996148200304569e-05
5.4502058656905926e-05,star,interior_epsr,True,"[1.999998555797396, 2.0069299075782503, 0.14656233735916757, -1.1295662303730454]",3.252606517456513e-17,32,0.4429803082681855,5,0.0023298424612615757,0.22230940405279398,4.3925417653505364e-05
0.0001864597537026959,star,exterior_epsr,True,"[1.9999722727460727, 1.9996769458156924, 1.8603857897371932, -1.031133880645189]",3.2959746043559335e-17,32,2.6393716265829945,5,0.005906914986285789,0.22257749177515507,0.0008705502879159632
7.536693879735977e-05,star,mixed,True,"[1.9999733390344214, 1.9775548868598645, -0.1214533018290709, -0.9112260416680719]",6.938893903907228e-18,32,0.40848843904598603,5,0.002844816719845268,0.22314131539314985,0.00021353788047224424
0.0010792416332614126,star,tangential_phase,True,"[1.9998264697079111, 1.9999401901287925, 0.8355217536848326, -0.9576230281278368]",1.196959198423997e-16,32,0.04407177649574542,4,0.0004842205408770264,0.22286568861454725,1.0283232405761348e-05
0.004380028692037606,star,translation_x,True,"[1.9999775375436208, 2.0402923326925846, -0.6296073682238695, -0.996587761368249]",3.122502256758253e-17,64,0.37622973666403764,5,0.007431001738062212,0.5835750764235854,0.0001684855666059827
0.010615821656656973,star,translation_y,True,"[1.9999875410802432, 1.9942727344367062, 0.12742527504473555, -1.0074492689087573]",3.7730235602495554e-17,64,0.18344601590210413,5,-0.003724529657670923,0.5842790920287371,-7.495867810401268e-05
6.738842182620236e-05,star,scale,True,"[2.0000041332156373, 1.9792005753993986, -0.07798938454501919, -1.0763175140075185]",4.5102810375396984e-17,64,0.46046064110263707,4,-0.0031829627577326662,0.5845892177894711,-6.635958704650748e-05
4.560999163375896e-05,star,shape_mode4,True,"[1.9998425779442635, 1.8023293199824528, -1.016175849993567, -0.8088175083062709]",6.418476861114186e-17,64,0.1333650795244345,4,0.0012901633661850068,0.5837339488789439,2.3035748265791348e-05
9.949131516972158e-05,star,interior_epsr,True,"[1.9999994344079655, 2.014878466992765, -0.07345251813790821, -0.8557644064305185]",9.974659986866641e-17,64,0.44315288252469465,5,0.00205789698226676,0.5855049900710583,3.816964941543047e-05
0.00019583029419075926,star,exterior_epsr,True,"[1.9999723011938333, 1.9996303072030301, 1.7814471968123728, -0.8752895612485151]",1.0928757898653885e-16,64,2.6386284285019874,5,0.004695956686445239,0.5840831631794572,0.0006350313392076714
8.263865221026921e-05,star,mixed,True,"[1.9999852742023232, 2.0152376045862264, -0.18720539538505224, -1.0901686768207874]",3.5561831257524545e-17,64,0.40886192771930513,5,0.0031179515857475753,0.5895476955920458,0.00017734279298622417
0.04952808642908437,star,tangential_phase,True,"[1.999961138532051, 0.22680709850522573, -1.1588342849074384, -0.8571540438666521]",1.9715537122532293e-16,64,4.961738787935845e-07,4,-4.8695792888182906e-11,0.5835292115807533,4.217144765837349e-12
0.004380230306737145,star,translation_x,True,"[2.000001722989769, 1.9120514726551694, -0.6688488057953088, -1.0164362705001497]",4.5102810375396984e-17,128,0.37622973828524914,5,0.007431003446406492,2.0276732509955764,0.00016848560677365927
0.01061584450140975,star,translation_y,True,"[1.9999866177004666, 1.977737269888029, -0.2558605641208642, -1.1237587288487363]",7.546047120499111e-17,128,0.18344601716421904,5,-0.003724529490112002,2.032538838684559,-7.495867405439507e-05
0.0001769579896673269,star,scale,True,"[1.9999804935323249, 1.991404665684106, -0.5094546682822679, -1.1134868820452268]",1.691355389077387e-17,128,0.46046063468282655,4,-0.003182967107459012,2.0189066724851727,-6.635967862843191e-05
6.690874477675165e-05,star,shape_mode4,True,"[2.000015739941062, 1.4614443096593313, -0.8731752734119987, -0.9303332114116206]",4.618701254788249e-17,128,0.13336511824857342,4,0.0012901608073065686,2.0197954988107085,2.30356934301725e-05
0.00017788960465478162,star,interior_epsr,True,"[2.0000165433095667, 2.0030465582151207, -0.2573767319481189, -0.8648794046288579]",5.898059818321144e-17,128,0.44315288346479953,5,0.00205789695342554,2.0203992631286383,3.816964897609794e-05
0.00019390720123207763,star,exterior_epsr,True,"[1.9999721343102703, 1.9996440398263182, 1.5757943206278062, -0.9247900028458291]",9.8879238130678e-17,128,2.6386284388308523,4,0.00469599135842258,2.020978594198823,0.0006350343411989053
0.00014315317329595704,star,mixed,True,"[1.999954488454582, 1.994516727221369, -0.41709065486791536, -0.8738781735814793]",1.1188966420050406e-16,128,0.4088619067707872,4,0.003117957739884129,2.018884046934545,0.00017734337751457263
0.12974539305298233,star,tangential_phase,True,"[-1.294104638745259, -1.0318427671604131, -0.8415664813092665, -1.103998964285255]",8.404882172914919e-16,128,3.4669961619135624e-13,4,-3.4679776338807243e-17,2.0172240920364857,-5.849909103473833e-18
41105.10426162474,zero_contrast,translation_x,False,"[-0.9489152360728276, -1.0598483493667141, -0.9288995684551842, -1.1413296932408172]",1.7719531922252868e-15,32,4.203692156684734e-15,5,-1.8950569453648028e-14,0.12029883544892073,-2.7117085661775756e-19
51601.65342546222,zero_contrast,translation_y,False,"[-0.9521299248060027, -0.9842877928144984, -0.8366119800358859, -1.1537218044748767]",1.4560530347879435e-15,32,1.5011223729367156e-15,5,5.241521385237609e-16,0.11892939358949661,3.0335818735492743e-21
44712.73160513797,zero_contrast,scale,False,"[-1.0344442069982902, -0.9706640851260856, -1.1271179352749692, -0.9006580853408205]",4.367148152329199e-15,32,2.052884607553983e-15,5,8.69701794836731e-15,0.11874288599938154,1.351038246455177e-19
45894.32958546183,zero_contrast,shape_mode4,False,"[-0.9484785997390001, -0.9902384255701443, -0.878756438798196, -1.0747296633287202]",4.253951011559055e-16,32,1.6686084155553423e-13,5,-1.4677335326631511e-12,0.118586715310812,-2.1978247621526084e-17
8.196020299167533e-06,zero_contrast,interior_epsr,True,"[2.0000000579741517, 1.9952590968017465, 1.0170046922302012, -1.335941163055391]",3.552713678800501e-15,32,0.8481756934006708,5,-10.66196822604455,0.20430929400026798,-0.00012557025461763246
7.759780849102028e-05,zero_contrast,exterior_epsr,True,"[1.9999561743999654, 1.999883357405281, 1.9757558343649193, -0.5810791259238257]",8.881784197001252e-15,32,0.8481756934006761,5,10.66196822604457,0.20689552929252386,-0.0003771228731132625
3.7017503536154885e-05,zero_contrast,mixed,True,"[2.0000034465682184, 1.9974268426948982, 0.4091452920517009, -0.9735262525113965]",1.7763568394002505e-15,32,0.7633581240606004,5,9.595771403439356,0.20383442100137472,1.2474603609679137e-05
62115.75141818355,zero_contrast,tangential_phase,False,"[-0.9313085338334305, -0.9699708264251633, -1.1027426890293384, -0.9489403264198621]",5.480921325763516e-15,32,6.907647580213132e-15,5,-5.6162541124517517e-14,0.11928222980350256,-8.320810217811945e-19
34119.780407264545,zero_contrast,translation_x,False,"[-1.0666065769721493, -0.9130398860322592, -1.0652008436939004, -1.0716841986619312]",8.387626911833637e-16,64,2.170329877835432e-15,5,-1.5824621101806858e-14,0.3370399558916688,-2.0482788380282515e-19
35066.61658102177,zero_contrast,translation_y,False,"[-0.9199150867351835, -1.0636324794751955, -0.865609716227362, -1.0168812175910282]",1.0531457179076136e-15,64,1.0201257353635695e-15,5,8.72661660832828e-15,0.3362421775236726,1.5401780573932853e-19
37338.80920863833,zero_contrast,scale,False,"[-1.0799770038725558, -0.9034251121816577, -1.1844313519806227, -0.8314632513024857]",9.566569632864361e-16,64,1.1543078719627451e-15,5,-8.702283350952426e-15,0.3366178860887885,-1.1614020173371227e-19
37702.5894627181,zero_contrast,shape_mode4,False,"[-1.0524886263275643, -1.1276703165025204, -0.7986385878493619, -1.1561061697526551]",4.987908197043943e-15,64,1.82516538827265e-15,5,-2.630419026984695e-14,0.33661804627627134,-3.9035270815024394e-19
5.855142373351216e-06,zero_contrast,interior_epsr,True,"[2.000000043990401, 1.995606972308504, 0.8812795024696312, -1.3034667122794115]",1.7763568394002505e-15,64,0.8481756934008973,5,-10.6619682260388,0.6091354358941317,-0.00012557025461754613
7.767524037218096e-05,zero_contrast,exterior_epsr,True,"[1.9999562125386028, 1.999879200566068, 1.958950841870733, -0.5191430496762838]",1.5987211554602254e-14,64,0.8481756934008985,5,10.661968226038745,0.6104007791727781,-0.00037712287311315147
4.254458544560211e-05,zero_contrast,mixed,True,"[2.0000013311687295, 1.997320175521811, 0.6104748300841357, -1.0843156539748904]",1.7763568394002505e-15,64,0.7633581240608076,5,9.59577140343488,0.6087225833907723,1.2474603609651575e-05
39640.48534869584,zero_contrast,tangential_phase,False,"[-1.1601474869274753, -0.8625348644194542, -1.1017428950005816, -0.9079066242779079]",7.966922547190349e-16,64,3.2253377278832784e-15,5,1.8038236352036377e-15,0.3373573813587427,7.5796570836798e-20
26340.370906550266,zero_contrast,translation_x,False,"[-1.0967870417959347, -1.0467661793661986, -0.9651229021046805, -1.0446776043979296]",6.653048008196532e-16,128,1.4081159398934078e-15,5,-1.208238006668943e-14,1.1354620959609747,-2.015238721707174e-19
32202.436712924882,zero_contrast,translation_y,False,"[-0.9206778225051615, -1.0957325773524693, -0.9099528839103185, -1.020478725492182]",1.8664620210329372e-15,128,9.36806192509637e-16,5,3.926751120716911e-15,1.1428853962570429,6.304067753932113e-20
34471.68774880643,zero_contrast,scale,False,"[-1.0530422792152123, -0.886960944450268, -1.1292747118308128, -0.9043269467937767]",4.7209627327069995e-15,128,1.5625012629712064e-15,5,-1.2376471846520411e-14,1.133958618156612,-2.4897381429041035e-19
31940.450213294298,zero_contrast,shape_mode4,False,"[-1.0678568006845781, -1.0948260705754367, -0.7717341053184726, -1.1736067754661346]",3.774913204081295e-15,128,1.2725681939773622e-15,5,-1.398865518992121e-14,1.1316724689677358,-2.0479023699613895e-19
7.3383030319786096e-06,zero_contrast,interior_epsr,True,"[2.0000003061744005, 1.994560477843315, 0.7695209721714623, -1.1840129973887148]",1.7763568394002505e-15,128,0.8481756934008973,5,-10.661968226038994,2.1304118456318974,-0.0001255702546175481
7.750682842504608e-05,zero_contrast,exterior_epsr,True,"[1.9999562278765308, 1.9998750427835312, 1.9668475972359265, -0.5413113275273941]",1.7763568394002505e-15,128,0.8481756934008978,5,10.66196822603899,2.1296405429020524,-0.0003771228731130517
4.288005027495389e-05,zero_contrast,mixed,True,"[2.000002063792361, 1.997799565679403, 0.6313089881950517, -0.9846870687296543]",1.7763568394002505e-15,128,0.7633581240608073,5,9.595771403435089,2.1313211796805263,1.2474603609673223e-05
34075.48881712885,zero_contrast,tangential_phase,False,"[-1.045080804001745, -0.9830482525115467, -1.0587706421376581, -0.8296560344109328]",9.310125124332184e-15,128,3.351698672190708e-15,5,-2.4012218797274373e-14,1.1322404583916068,-3.2073004879667306e-19
