curve,cutoff,halfband,halfwidth,kd,matrix_error,nonzeros,order,retained,rule,truncated_vs_full,truncated_vs_reference,untruncated_error
ellipse,128,5,0.30951960420311164,2.0,0.0003364465543798723,11188,257,0.042347348180896,fjs_q1,5.689321835604496e-05,5.689321835608103e-05,3.1571682857180795e-15
ellipse,128,11,0.30951960420311164,2.0,6.185160181006852e-05,23116,257,0.08749564717103968,fjs_q2,5.0379297872888435e-11,5.0379378090698636e-11,3.1571682857180795e-15
ellipse,128,22,0.30951960420311164,2.0,1.7537899007863806e-06,44236,257,0.16743629729443293,fjs_q4,0.0,3.1571682857180795e-15,3.1571682857180795e-15
ellipse,128,101,0.30951960420311164,2.0,0.00012099257652883503,17204,257,0.06511832124634741,jwy_mu1.2,3.722027307855706e-16,3.166173615962483e-15,3.1571682857180795e-15
ellipse,96,5,0.30951960420311164,2.0,0.0003882080693750976,8372,193,0.056189427904104805,fjs_q1,5.689321835600013e-05,5.689321835604966e-05,3.065114837580602e-15
ellipse,96,10,0.30951960420311164,2.0,7.136732599536008e-05,15772,193,0.10585519074337565,fjs_q2,5.037932751010484e-11,5.037940910522315e-11,3.065114837580602e-15
ellipse,96,21,0.30951960420311164,2.0,3.7081939549362545e-06,31348,193,0.21039490993046794,fjs_q4,2.0944254059894922e-17,3.0652579485441375e-15,3.065114837580602e-15
ellipse,96,80,0.30951960420311164,2.0,0.00015880247236684886,12556,193,0.08427071867701147,jwy_mu1.2,6.248589730933459e-15,6.9339894433482915e-15,3.065114837580602e-15
ellipse,64,4,0.30951960420311164,2.0,0.0004747553251847784,4564,129,0.06856559101015564,fjs_q1,5.6893218356065744e-05,5.689321835604759e-05,3.2373230385184705e-15
ellipse,64,9,0.30951960420311164,2.0,0.00015249673965686734,9444,129,0.1418784928790337,fjs_q2,4.892292421631343e-09,4.892292427487021e-09,3.2373230385184705e-15
ellipse,64,19,0.30951960420311164,2.0,8.286844034591986e-06,18604,129,0.27949041523946877,fjs_q4,4.41198553990329e-17,3.237090137123178e-15,3.2373230385184705e-15
ellipse,64,57,0.30951960420311164,2.0,0.00023063583221407652,7988,129,0.12000480740340123,jwy_mu1.2,6.412674088170951e-13,6.412985874928042e-13,3.2373230385184705e-15
ellipse,48,4,0.30951960420311164,2.0,0.0005473949527420522,3412,97,0.09065788075247104,fjs_q1,5.689321835600983e-05,5.689321835601503e-05,3.4057846233729786e-15
ellipse,48,9,0.30951960420311164,2.0,0.00017582940342016903,7012,97,0.1863109788500372,fjs_q2,4.892292410068465e-09,4.8922924235822184e-09,3.4057846233729786e-15
ellipse,48,18,0.30951960420311164,2.0,9.554767178084252e-06,12988,97,0.345095121691997,fjs_q4,5.314024084140396e-17,3.406472823692791e-15,3.4057846233729786e-15
ellipse,48,45,0.30951960420311164,2.0,0.00032191626503705583,5788,97,0.1537889254968647,jwy_mu1.2,5.034931853182675e-11,5.034940054446295e-11,3.4057846233729786e-15
ellipse,32,4,0.30951960420311164,2.0,0.0006684597775853139,2260,65,0.13372781065088757,fjs_q1,5.6893218356052504e-05,5.689321835590275e-05,3.2780810437899702e-15
ellipse,32,8,0.30951960420311164,2.0,0.00021471678413262572,4132,65,0.24449704142011836,fjs_q2,4.892292439170148e-09,4.892292550377462e-09,3.2780810437899702e-15
ellipse,32,16,0.30951960420311164,2.0,2.1241232487782845e-05,7492,65,0.4433136094674556,fjs_q4,3.7546628203483e-16,3.2562548148205652e-15,3.2780810437899702e-15
ellipse,32,32,0.30951960420311164,2.0,0.0004813531744910177,3668,65,0.2170414201183432,jwy_mu1.2,4.884591855838267e-09,4.884591965165569e-09,3.2780810437899702e-15
ellipse,24,3,0.30951960420311164,2.0,0.003020783766989715,1324,49,0.13785922532278216,fjs_q1,0.005231661294326601,0.00523166129432664,3.3295888690284578e-15
ellipse,24,7,0.30951960420311164,2.0,0.0004223913975768387,2716,49,0.282798833819242,fjs_q2,5.47501088362298e-07,5.475010884404083e-07,3.3295888690284578e-15
ellipse,24,15,0.30951960420311164,2.0,4.4289272280474225e-05,5116,49,0.5326947105372761,fjs_q4,6.2607381765480626e-15,7.0850247120779125e-15,3.3295888690284578e-15
ellipse,24,24,0.30951960420311164,2.0,0.000647946750151423,2604,49,0.27113702623906705,jwy_mu1.2,4.2352112500354534e-07,4.2352112502688724e-07,3.3295888690284578e-15
ellipse,16,3,0.30951960420311164,2.0,0.0036784116743005246,876,33,0.20110192837465565,fjs_q1,0.005231661294326653,0.0052316612943266085,3.2631347789902026e-15
ellipse,16,6,0.30951960420311164,2.0,0.0005143463736263796,1548,33,0.35537190082644626,fjs_q2,5.475010883313218e-07,5.475010884639991e-07,3.2631347789902026e-15
ellipse,16,13,0.30951960420311164,2.0,9.693546558358554e-05,2836,33,0.6510560146923783,fjs_q4,6.411823501205736e-13,6.412119634921921e-13,3.2631347789902026e-15
ellipse,16,16,0.30951960420311164,2.0,0.0008557592337249618,1580,33,0.3627180899908173,jwy_mu1.2,5.460450280281377e-07,5.460450281608041e-07,3.2631347789902026e-15
ellipse,128,5,0.30951960420311164,10.0,0.07066958483350325,11188,257,0.042347348180896,fjs_q1,0.4323467554150908,0.4323467554150911,1.5175675380667177e-15
ellipse,128,11,0.30951960420311164,10.0,0.003689142795281354,23116,257,0.08749564717103968,fjs_q2,0.0015160481573355416,0.0015160481573355726,1.5175675380667177e-15
ellipse,128,22,0.30951960420311164,10.0,6.240162689684451e-05,44236,257,0.16743629729443293,fjs_q4,3.4209970193734274e-12,3.421044011780457e-12,1.5175675380667177e-15
ellipse,128,101,0.30951960420311164,10.0,0.0029842871565073908,17204,257,0.06511832124634741,jwy_mu1.2,1.5650525405995668e-07,1.565052540999167e-07,1.5175675380667177e-15
ellipse,96,5,0.30951960420311164,10.0,0.08100329623081093,8372,193,0.056189427904104805,fjs_q1,0.4323467554150907,0.432346755415091,1.7008644810901675e-15
ellipse,96,10,0.30951960420311164,10.0,0.004228590381392277,15772,193,0.10585519074337565,fjs_q2,0.0015160481573356492,0.0015160481573356234,1.7008644810901675e-15
ellipse,96,21,0.30951960420311164,10.0,0.0001354640147970353,31348,193,0.21039490993046794,fjs_q4,1.4813436245093475e-10,1.481343719458506e-10,1.7008644810901675e-15
ellipse,96,80,0.30951960420311164,10.0,0.003940963292404215,12556,193,0.08427071867701147,jwy_mu1.2,3.965691862806776e-06,3.965691862795076e-06,1.7008644810901675e-15
ellipse,64,4,0.30951960420311164,10.0,0.09779207409011485,4564,129,0.06856559101015564,fjs_q1,0.43234675541509077,0.4323467554150911,1.7754394614673462e-15
ellipse,64,9,0.30951960420311164,10.0,0.014656873100755996,9444,129,0.1418784928790337,fjs_q2,0.01802879489050633,0.0180287948905064,1.7754394614673462e-15
ellipse,64,19,0.30951960420311164,10.0,0.0003104925211470032,18604,129,0.27949041523946877,fjs_q4,5.424672400554915e-09,5.424672425500535e-09,1.7754394614673462e-15
ellipse,64,57,0.30951960420311164,10.0,0.005854401180398923,7988,129,0.12000480740340123,jwy_mu1.2,8.343868801463465e-05,8.343868801462645e-05,1.7754394614673462e-15
ellipse,48,4,0.30951960420311164,10.0,0.11135850064340962,3412,97,0.09065788075247104,fjs_q1,0.4323467554150907,0.43234675541509093,1.7409799717799528e-15
ellipse,48,9,0.30951960420311164,10.0,0.016690180955942095,7012,97,0.1863109788500372,fjs_q2,0.018028794890506426,0.01802879489050645,1.7409799717799528e-15
ellipse,48,18,0.30951960420311164,10.0,0.0003535662980627749,12988,97,0.345095121691997,fjs_q4,5.42467239109728e-09,5.424672416747959e-09,1.7409799717799528e-15
ellipse,48,45,0.30951960420311164,10.0,0.009247325670731577,5788,97,0.1537889254968647,jwy_mu1.2,0.0014053539199009616,0.001405353919900966,1.7409799717799528e-15
ellipse,32,4,0.30951960420311164,10.0,0.13280407203189126,2260,65,0.13372781065088757,fjs_q1,0.4323467554150911,0.4323467554150912,1.8410275746076603e-15
ellipse,32,8,0.30951960420311164,10.0,0.01990439868615188,4132,65,0.24449704142011836,fjs_q2,0.01802879489050637,0.01802879489050654,1.8410275746076603e-15
ellipse,32,16,0.30951960420311164,10.0,0.0008016471545561816,7492,65,0.4433136094674556,fjs_q4,1.6632971707293582e-07,1.6632971721818673e-07,1.8410275746076603e-15
ellipse,32,32,0.30951960420311164,10.0,0.021663027165093666,3668,65,0.2170414201183432,jwy_mu1.2,0.017109027697484964,0.017109027697485138,1.8410275746076603e-15
ellipse,24,3,0.30951960420311164,10.0,0.26332341978742246,1324,49,0.13785922532278216,fjs_q1,0.860392817058421,0.8603928170584209,1.9636135243737945e-15
ellipse,24,7,0.30951960420311164,10.0,0.06375571216373657,2716,49,0.282798833819242,fjs_q2,0.125269010331625,0.12526901033162502,1.9636135243737945e-15
ellipse,24,15,0.30951960420311164,10.0,0.0017191113516807227,5116,49,0.5326947105372761,fjs_q4,4.250797020076103e-06,4.250797020179788e-06,1.9636135243737945e-15
ellipse,24,24,0.30951960420311164,10.0,0.04653166128112216,2604,49,0.27113702623906705,jwy_mu1.2,0.09071355880119687,0.09071355880119696,1.9636135243737945e-15
ellipse,16,3,0.30951960420311164,10.0,0.30793843412729915,876,33,0.20110192837465565,fjs_q1,0.8603928170584213,0.8603928170584211,2.0074925356648296e-15
ellipse,16,6,0.30951960420311164,10.0,0.07455788660622616,1548,33,0.35537190082644626,fjs_q2,0.1252690103316249,0.12526901033162507,2.0074925356648296e-15
ellipse,16,13,0.30951960420311164,10.0,0.0039516375443675745,2836,33,0.6510560146923783,fjs_q4,8.995185291600763e-05,8.995185291611091e-05,2.0074925356648296e-15
ellipse,16,16,0.30951960420311164,10.0,0.07295721239105075,1580,33,0.3627180899908173,jwy_mu1.2,0.1225469725878893,0.12254697258788941,2.0074925356648296e-15
kite,128,5,0.16738230496393547,2.0,0.0014407193289769449,11188,257,0.042347348180896,fjs_q1,0.0013616658356498043,0.0013616658356500222,2.1124680006450825e-15
kite,128,11,0.16738230496393547,2.0,0.00014711011119880133,23116,257,0.08749564717103968,fjs_q2,1.2594311154413826e-07,1.259431115571542e-07,2.1124680006450825e-15
kite,128,22,0.16738230496393547,2.0,1.261048830532322e-05,44236,257,0.16743629729443293,fjs_q4,1.956700034287825e-14,1.9757006464120857e-14,2.1124680006450825e-15
kite,128,101,0.16738230496393547,2.0,0.00036705417467137,17204,257,0.06511832124634741,jwy_mu1.2,2.4545950654749505e-11,2.4545893694675102e-11,2.1124680006450825e-15
kite,96,5,0.16738230496393547,2.0,0.0016622306929179476,8372,193,0.056189427904104805,fjs_q1,0.0013616658356497464,0.0013616658356499826,2.0313805622728406e-15
kite,96,10,0.16738230496393547,2.0,0.00018073145940221319,15772,193,0.10585519074337565,fjs_q2,1.80760925562144e-07,1.807609253962369e-07,2.0313805622728406e-15
kite,96,21,0.16738230496393547,2.0,2.0584835802031204e-05,31348,193,0.21039490993046794,fjs_q4,1.993564128489931e-13,1.9929548250717e-13,2.0313805622728406e-15
kite,96,80,0.16738230496393547,2.0,0.0004815753613130433,12556,193,0.08427071867701147,jwy_mu1.2,1.2972742145442535e-10,1.297274366407747e-10,2.0313805622728406e-15
kite,64,4,0.16738230496393547,2.0,0.0028226393544449275,4564,129,0.06856559101015564,fjs_q1,0.0040970330068593195,0.004097033006859545,2.367747256021e-15
kite,64,9,0.16738230496393547,2.0,0.0004011620552782868,9444,129,0.1418784928790337,fjs_q2,4.507622116715233e-06,4.507622116758784e-06,2.367747256021e-15
kite,64,19,0.16738230496393547,2.0,3.766641219508563e-05,18604,129,0.27949041523946877,fjs_q4,3.5742356738385385e-12,3.5742477058837017e-12,2.367747256021e-15
kite,64,57,0.16738230496393547,2.0,0.0007149123019244227,7988,129,0.12000480740340123,jwy_mu1.2,3.553490097228829e-08,3.5534900988566907e-08,2.367747256021e-15
kite,48,4,0.16738230496393547,2.0,0.003253974969847795,3412,97,0.09065788075247104,fjs_q1,0.004097033006859402,0.004097033006859541,2.271359669687369e-15
kite,48,9,0.16738230496393547,2.0,0.00046246477956206133,7012,97,0.1863109788500372,fjs_q2,4.507622116705552e-06,4.507622116794237e-06,2.271359669687369e-15
kite,48,18,0.16738230496393547,2.0,4.8709436457923674e-05,12988,97,0.345095121691997,fjs_q4,6.632736128001452e-12,6.632807628867439e-12,2.271359669687369e-15
kite,48,45,0.16738230496393547,2.0,0.0009385501074650703,5788,97,0.1537889254968647,jwy_mu1.2,1.1011935542294958e-07,1.1011935542633425e-07,2.271359669687369e-15
kite,32,4,0.16738230496393547,2.0,0.003972337244737393,2260,65,0.13372781065088757,fjs_q1,0.004097033006859439,0.00409703300685952,2.151928875961065e-15
kite,32,8,0.16738230496393547,2.0,0.0005906148251083812,4132,65,0.24449704142011836,fjs_q2,3.557380850383256e-06,3.5573808503952224e-06,2.151928875961065e-15
kite,32,16,0.16738230496393547,2.0,0.00010119234347507957,7492,65,0.4433136094674556,fjs_q4,1.6460446267867632e-10,1.646044377120741e-10,2.151928875961065e-15
kite,32,32,0.16738230496393547,2.0,0.0013925732713705363,3668,65,0.2170414201183432,jwy_mu1.2,3.713885040115196e-06,3.7138850400822923e-06,2.151928875961065e-15
kite,24,3,0.16738230496393547,2.0,0.011643337915305727,1324,49,0.13785922532278216,fjs_q1,0.024887616450950834,0.024887616450950733,2.110400131570576e-15
kite,24,7,0.16738230496393547,2.0,0.0009755329011951817,2716,49,0.282798833819242,fjs_q2,3.550412748077937e-05,3.5504127480733575e-05,2.110400131570576e-15
kite,24,15,0.16738230496393547,2.0,0.00011969995183983386,5116,49,0.5326947105372761,fjs_q4,2.1455928148051053e-10,2.1455922020124391e-10,2.110400131570576e-15
kite,24,24,0.16738230496393547,2.0,0.0018631361666548493,2604,49,0.27113702623906705,jwy_mu1.2,3.75591075972361e-05,3.755910759716861e-05,2.110400131570576e-15
kite,16,3,0.16738230496393547,2.0,0.014140267905591123,876,33,0.20110192837465565,fjs_q1,0.024887616450950893,0.02488761645095074,7.718143714638354e-15
kite,16,6,0.16738230496393547,2.0,0.002151043968114434,1548,33,0.35537190082644626,fjs_q2,0.00035644422066918613,0.00035644422066923167,7.718143714638354e-15
kite,16,13,0.16738230496393547,2.0,0.0002362740828981922,2836,33,0.6510560146923783,fjs_q4,5.168986349038732e-09,5.168985882165342e-09,7.718143714638354e-15
kite,16,16,0.16738230496393547,2.0,0.0027859452979170645,1580,33,0.3627180899908173,jwy_mu1.2,0.0003668905372349427,0.00036689053723516465,7.718143714638354e-15
kite,128,5,0.16738230496393547,10.0,0.11273038097273629,11188,257,0.042347348180896,fjs_q1,0.29843590229545486,0.2984359022954552,2.493406972492794e-15
kite,128,11,0.16738230496393547,10.0,0.019262982186821986,23116,257,0.08749564717103968,fjs_q2,0.015202120473836591,0.015202120473836636,2.493406972492794e-15
kite,128,22,0.16738230496393547,10.0,0.0004305428842229931,44236,257,0.16743629729443293,fjs_q4,1.0459381103514498e-06,1.045938110306813e-06,2.493406972492794e-15
kite,128,101,0.16738230496393547,10.0,0.008472800600154722,17204,257,0.06511832124634741,jwy_mu1.2,9.80981228181534e-05,9.809812281825506e-05,2.493406972492794e-15
kite,96,5,0.16738230496393547,10.0,0.12652238738968763,8372,193,0.056189427904104805,fjs_q1,0.2984359022954549,0.2984359022954551,2.4845876943773683e-15
kite,96,10,0.16738230496393547,10.0,0.023737587010562607,15772,193,0.10585519074337565,fjs_q2,0.024361941800659863,0.024361941800659887,2.4845876943773683e-15
kite,96,21,0.16738230496393547,10.0,0.0006964483352814957,31348,193,0.21039490993046794,fjs_q4,2.7856151608097974e-06,2.7856151608377944e-06,2.4845876943773683e-15
kite,96,80,0.16738230496393547,10.0,0.011035088965173509,12556,193,0.08427071867701147,jwy_mu1.2,0.00032044592191864726,0.00032044592191853244,2.4845876943773683e-15
kite,64,4,0.16738230496393547,10.0,0.23290323360780454,4564,129,0.06856559101015564,fjs_q1,0.5849415472980947,0.5849415472980948,3.135191897238268e-15
kite,64,9,0.16738230496393547,10.0,0.03990615908122424,9444,129,0.1418784928790337,fjs_q2,0.05137213910530357,0.05137213910530385,3.135191897238268e-15
kite,64,19,0.16738230496393547,10.0,0.0013964585879520804,18604,129,0.27949041523946877,fjs_q4,2.458817722704189e-05,2.458817722700156e-05,3.135191897238268e-15
kite,64,57,0.16738230496393547,10.0,0.0171488245654834,7988,129,0.12000480740340123,jwy_mu1.2,0.005873977720038075,0.005873977720038031,3.135191897238268e-15
kite,48,4,0.16738230496393547,10.0,0.25653486973301676,3412,97,0.09065788075247104,fjs_q1,0.5849415472980953,0.5849415472980953,3.399200077212666e-15
kite,48,9,0.16738230496393547,10.0,0.04395525643316342,7012,97,0.1863109788500372,fjs_q2,0.05137213910530345,0.05137213910530363,3.399200077212666e-15
kite,48,18,0.16738230496393547,10.0,0.0017146197299103853,12988,97,0.345095121691997,fjs_q4,2.1040203331679417e-05,2.1040203331685438e-05,3.399200077212666e-15
kite,48,45,0.16738230496393547,10.0,0.026759670714725372,5788,97,0.1537889254968647,jwy_mu1.2,0.010465300770188264,0.010465300770188266,3.399200077212666e-15
kite,32,4,0.16738230496393547,10.0,0.2893206537440921,2260,65,0.13372781065088757,fjs_q1,0.584941547298095,0.5849415472980947,3.209671853873481e-15
kite,32,8,0.16738230496393547,10.0,0.08650916554776063,4132,65,0.24449704142011836,fjs_q2,0.08752180391946499,0.08752180391946483,3.209671853873481e-15
kite,32,16,0.16738230496393547,10.0,0.00395167753907667,7492,65,0.4433136094674556,fjs_q4,0.00028262138974903783,0.0002826213897490318,3.209671853873481e-15
kite,32,32,0.16738230496393547,10.0,0.043353546950292136,3668,65,0.2170414201183432,jwy_mu1.2,0.039849474094710555,0.03984947409471054,3.209671853873481e-15
kite,24,3,0.16738230496393547,10.0,0.35002968685889707,1324,49,0.13785922532278216,fjs_q1,0.6221514393470053,0.6221514393470052,1.1111445890659391e-14
kite,24,7,0.16738230496393547,10.0,0.127261308957581,2716,49,0.282798833819242,fjs_q2,0.16957155218975076,0.16957155218975098,1.1111445890659391e-14
kite,24,15,0.16738230496393547,10.0,0.0048272190689602435,5116,49,0.5326947105372761,fjs_q4,0.0003842602380279252,0.0003842602380286083,1.1111445890659391e-14
kite,24,24,0.16738230496393547,10.0,0.06777074808863937,2604,49,0.27113702623906705,jwy_mu1.2,0.10107107529446965,0.10107107529447017,1.1111445890659391e-14
kite,16,3,0.16738230496393547,10.0,0.38165906256738447,876,33,0.20110192837465565,fjs_q1,0.6221514365668688,0.6221514398191167,1.5981424925818642e-07
kite,16,6,0.16738230496393547,10.0,0.17251752234428158,1548,33,0.35537190082644626,fjs_q2,0.2406545919429416,0.24065459858600224,1.5981424925818642e-07
kite,16,13,0.16738230496393547,10.0,0.012245495308676782,2836,33,0.6510560146923783,fjs_q4,0.0018719648463141878,0.0018719822223322688,1.5981424925818642e-07
kite,16,16,0.16738230496393547,10.0,0.10873387125633117,1580,33,0.3627180899908173,jwy_mu1.2,0.16601331186727736,0.1660133185541214,1.5981424925818642e-07
crescent,128,5,0.09053850616843741,2.0,0.0022998100767457445,11188,257,0.042347348180896,fjs_q1,0.0030485454879767716,0.0030485454879768032,2.5064590849304046e-15
crescent,128,11,0.09053850616843741,2.0,0.00033532698703457494,23116,257,0.08749564717103968,fjs_q2,7.459378835449938e-07,7.459378834845668e-07,2.5064590849304046e-15
crescent,128,22,0.09053850616843741,2.0,8.544121617018325e-05,44236,257,0.16743629729443293,fjs_q4,9.655698663302271e-13,9.655660884583031e-13,2.5064590849304046e-15
crescent,128,101,0.09053850616843741,2.0,0.0005040698678365132,17204,257,0.06511832124634741,jwy_mu1.2,1.6788467851093118e-10,1.6788465923597147e-10,2.5064590849304046e-15
crescent,96,5,0.09053850616843741,2.0,0.0026533916008796236,8372,193,0.056189427904104805,fjs_q1,0.0030485454879767746,0.0030485454879767854,2.55306256479451e-15
crescent,96,10,0.09053850616843741,2.0,0.00040639438879270005,15772,193,0.10585519074337565,fjs_q2,2.1889359248935984e-06,2.1889359251351417e-06,2.55306256479451e-15
crescent,96,21,0.09053850616843741,2.0,0.00010759638306794334,31348,193,0.21039490993046794,fjs_q4,2.8082943170454734e-12,2.8082891181935345e-12,2.55306256479451e-15
crescent,96,80,0.09053850616843741,2.0,0.0006660850934612987,12556,193,0.08427071867701147,jwy_mu1.2,3.2111959264104668e-09,3.211195914405041e-09,2.55306256479451e-15
crescent,64,4,0.09053850616843741,2.0,0.004302149953636921,4564,129,0.06856559101015564,fjs_q1,0.009583203955324268,0.009583203955324492,2.6104065308241356e-15
crescent,64,9,0.09053850616843741,2.0,0.0007310468489961393,9444,129,0.1418784928790337,fjs_q2,1.828030051284962e-05,1.8280300512732684e-05,2.6104065308241356e-15
crescent,64,19,0.09053850616843741,2.0,0.00016253215024345218,18604,129,0.27949041523946877,fjs_q4,1.8567768250582173e-11,1.856774169157574e-11,2.6104065308241356e-15
crescent,64,57,0.09053850616843741,2.0,0.0009905936120431543,7988,129,0.12000480740340123,jwy_mu1.2,9.087588430789193e-08,9.087588432360222e-08,2.6104065308241356e-15
crescent,48,4,0.09053850616843741,2.0,0.00495951726794259,3412,97,0.09065788075247104,fjs_q1,0.009583203955324223,0.009583203955324512,2.7377089665338066e-15
crescent,48,9,0.09053850616843741,2.0,0.0008427505973419134,7012,97,0.1863109788500372,fjs_q2,1.8280300512900596e-05,1.828030051277922e-05,2.7377089665338066e-15
crescent,48,18,0.09053850616843741,2.0,0.00022985765333842877,12988,97,0.345095121691997,fjs_q4,1.5892856090104348e-10,1.5892866598183553e-10,2.7377089665338066e-15
crescent,48,45,0.09053850616843741,2.0,0.0013123006749457876,5788,97,0.1537889254968647,jwy_mu1.2,5.966940166710959e-07,5.966940166655877e-07,2.7377089665338066e-15
crescent,32,4,0.09053850616843741,2.0,0.006054266835870296,2260,65,0.13372781065088757,fjs_q1,0.009583203955324417,0.009583203955324218,2.7779493040163072e-15
crescent,32,8,0.09053850616843741,2.0,0.0011479264874271302,4132,65,0.24449704142011836,fjs_q2,2.1293954221874325e-05,2.1293954221807833e-05,2.7779493040163072e-15
crescent,32,16,0.09053850616843741,2.0,0.0003549040024539656,7492,65,0.4433136094674556,fjs_q4,1.614464849692643e-09,1.6144648993137163e-09,2.7779493040163072e-15
crescent,32,32,0.09053850616843741,2.0,0.001966147867851308,3668,65,0.2170414201183432,jwy_mu1.2,1.481046716740165e-05,1.4810467167415243e-05,2.7779493040163072e-15
crescent,24,3,0.09053850616843741,2.0,0.018249066712213487,1324,49,0.13785922532278216,fjs_q1,0.07400950359223349,0.07400950359223371,2.7461499796249135e-15
crescent,24,7,0.09053850616843741,2.0,0.0016524400240914162,2716,49,0.282798833819242,fjs_q2,9.323659455619929e-05,9.323659455639389e-05,2.7461499796249135e-15
crescent,24,15,0.09053850616843741,2.0,0.00043803764920572055,5116,49,0.5326947105372761,fjs_q4,3.858539802877416e-09,3.85853978871607e-09,2.7461499796249135e-15
crescent,24,24,0.09053850616843741,2.0,0.002657486121957879,2604,49,0.27113702623906705,jwy_mu1.2,8.452100832376255e-05,8.452100832391916e-05,2.7461499796249135e-15
crescent,16,3,0.09053850616843741,2.0,0.022157157357898194,876,33,0.20110192837465565,fjs_q1,0.07400950359222709,0.07400950359223384,1.4393339795835121e-12
crescent,16,6,0.09053850616843741,2.0,0.0038125449091409493,1548,33,0.35537190082644626,fjs_q2,0.001263692971495486,0.001263692971480673,1.4393339795835121e-12
crescent,16,13,0.09053850616843741,2.0,0.0007185683352261374,2836,33,0.6510560146923783,fjs_q4,7.79245707694775e-08,7.792456048685902e-08,1.4393339795835121e-12
crescent,16,16,0.09053850616843741,2.0,0.00429392978776665,1580,33,0.3627180899908173,jwy_mu1.2,0.0011710171999763485,0.0011710171999466396,1.4393339795835121e-12
crescent,128,5,0.09053850616843741,10.0,0.1781320041003296,11188,257,0.042347348180896,fjs_q1,0.5457724646498582,0.5457724646498581,3.582871988624411e-15
crescent,128,11,0.09053850616843741,10.0,0.03854696432599131,23116,257,0.08749564717103968,fjs_q2,0.05434335369120197,0.05434335369120209,3.582871988624411e-15
crescent,128,22,0.09053850616843741,10.0,0.0025083248069616725,44236,257,0.16743629729443293,fjs_q4,6.125025357318031e-06,6.125025357151685e-06,3.582871988624411e-15
crescent,128,101,0.09053850616843741,10.0,0.012030663135630882,17204,257,0.06511832124634741,jwy_mu1.2,0.0003651710743214443,0.0003651710743215393,3.582871988624411e-15
crescent,96,5,0.09053850616843741,10.0,0.19952989947859273,8372,193,0.056189427904104805,fjs_q1,0.5457724646498581,0.5457724646498581,3.595665064795847e-15
crescent,96,10,0.09053850616843741,10.0,0.04808721410055747,15772,193,0.10585519074337565,fjs_q2,0.05990244862860096,0.05990244862860104,3.595665064795847e-15
crescent,96,21,0.09053850616843741,10.0,0.003264235141294128,31348,193,0.21039490993046794,fjs_q4,3.675379262723758e-05,3.675379262716527e-05,3.595665064795847e-15
crescent,96,80,0.09053850616843741,10.0,0.016638831714113917,12556,193,0.08427071867701147,jwy_mu1.2,0.0021501457865089908,0.0021501457865090957,3.595665064795847e-15
crescent,64,4,0.09053850616843741,10.0,0.28401363146621605,4564,129,0.06856559101015564,fjs_q1,0.8172995854676136,0.8172995854676132,4.40207059253532e-15
crescent,64,9,0.09053850616843741,10.0,0.06390451965775178,9444,129,0.1418784928790337,fjs_q2,0.10016866048697803,0.10016866048697787,4.40207059253532e-15
crescent,64,19,0.09053850616843741,10.0,0.005003327952761916,18604,129,0.27949041523946877,fjs_q4,0.00012950737728258642,0.00012950737728260455,4.40207059253532e-15
crescent,64,57,0.09053850616843741,10.0,0.02793868870568343,7988,129,0.12000480740340123,jwy_mu1.2,0.011958129410046517,0.011958129410046557,4.40207059253532e-15
crescent,48,4,0.09053850616843741,10.0,0.31199347243715925,3412,97,0.09065788075247104,fjs_q1,0.8172995854676133,0.8172995854676134,5.170747820518975e-15
crescent,48,9,0.09053850616843741,10.0,0.07020012734513931,7012,97,0.1863109788500372,fjs_q2,0.10016866048697791,0.10016866048697776,5.170747820518975e-15
crescent,48,18,0.09053850616843741,10.0,0.006988145168743235,12988,97,0.345095121691997,fjs_q4,0.0004330256026791195,0.0004330256026789943,5.170747820518975e-15
crescent,48,45,0.09053850616843741,10.0,0.046567313162885246,5788,97,0.1537889254968647,jwy_mu1.2,0.03917842771328151,0.039178427713281117,5.170747820518975e-15
crescent,32,4,0.09053850616843741,10.0,0.35045090163419745,2260,65,0.13372781065088757,fjs_q1,0.8172995854676132,0.8172995854676133,4.757884322804825e-15
crescent,32,8,0.09053850616843741,10.0,0.15258404826112268,4132,65,0.24449704142011836,fjs_q2,0.21793612921850838,0.2179361292185085,4.757884322804825e-15
crescent,32,16,0.09053850616843741,10.0,0.010824756273508623,7492,65,0.4433136094674556,fjs_q4,0.0017762521286487966,0.0017762521286491086,4.757884322804825e-15
crescent,32,32,0.09053850616843741,10.0,0.07132753478468534,3668,65,0.2170414201183432,jwy_mu1.2,0.08153162794907157,0.08153162794907146,4.757884322804825e-15
crescent,24,3,0.09053850616843741,10.0,0.4275724805051553,1324,49,0.13785922532278216,fjs_q1,0.8619325097919991,0.8619325097919975,8.871763196616907e-13
crescent,24,7,0.09053850616843741,10.0,0.19242219704230976,2716,49,0.282798833819242,fjs_q2,0.308747335091734,0.3087473350917001,8.871763196616907e-13
crescent,24,15,0.09053850616843741,10.0,0.016490257229552597,5116,49,0.5326947105372761,fjs_q4,0.002531146270134787,0.0025311462700716614,8.871763196616907e-13
crescent,24,24,0.09053850616843741,10.0,0.10474023678804192,2604,49,0.27113702623906705,jwy_mu1.2,0.1947327119270205,0.19473271192700886,8.871763196616907e-13
crescent,16,3,0.09053850616843741,10.0,0.464227573084805,876,33,0.20110192837465565,fjs_q1,0.8619325244133393,0.8619325333281971,1.5512638946343165e-06
crescent,16,6,0.09053850616843741,10.0,0.23545244945604682,1548,33,0.35537190082644626,fjs_q2,0.385088306632123,0.38508844168897766,1.5512638946343165e-06
crescent,16,13,0.09053850616843741,10.0,0.028872501657084066,2836,33,0.6510560146923783,fjs_q4,0.009954295149277202,0.009954594329483136,1.5512638946343165e-06
crescent,16,16,0.09053850616843741,10.0,0.16836279829291714,1580,33,0.3627180899908173,jwy_mu1.2,0.2977563984500454,0.2977564680503756,1.5512638946343165e-06
