accepted_step,backtracks,case,coefficients,forward_solves,gradient_norm,kind,loss,maximum_normal_step_m,relative_l2,seed,stage,stage_accepted_step
0,0,circle,"[0.045, 0.485, 0.51, 0.0, 0.0, 0.0, 0.0, 0.0, 0.0, 0.0, 0.0]",1,,identity,0.19714176032137706,0.0,0.6279199954156215,,0,0
1,0,circle,"[0.044981818398213816, 0.48654869363571096, 0.509172782842142, 0.0001399518356143231, -0.0002133221265581308, -4.103092828442594e-05, -8.438865981216111e-06, 0.0, 0.0, 0.0, 0.0]",2,53.10772020612504,identity,0.16325508551911364,0.002,0.5714106850928037,,0,1
2,0,circle,"[0.0450023453112807, 0.48808560226111924, 0.5083286701447262, 0.0002535934295365741, -0.00039711603411684226, -8.176810373247758e-05, -1.7800970421742813e-05, 0.0, 0.0, 0.0, 0.0]",3,48.65906283688637,identity,0.13263357294207137,0.002,0.5150409167087047,,0,2
3,0,circle,"[0.045063821461293486, 0.4896087186695839, 0.5074666173525246, 0.0003411514292158581, -0.0005498333769906212, -0.00012225489755272306, -2.772845727897324e-05, 0.0, 0.0, 0.0, 0.0]",4,44.052343828219406,identity,0.10527069950712807,0.002,0.4588479040098758,,0,3
4,0,circle,"[0.04516945853412998, 0.491115288962722, 0.5065854146969074, 0.0004027560616592012, -0.0006695154104551499, -0.00016247214161655319, -3.775703666338221e-05, 0.0, 0.0, 0.0, 0.0]",5,39.30574267488688,identity,0.08116209108127458,0.002,0.40289475320801726,,0,4
5,0,circle,"[0.045323906604698046, 0.4926012336975861, 0.5056838033031775, 0.000438423204283592, -0.000753638010020946, -0.00020229361321112406, -4.731820083927319e-05, 0.0, 0.0, 0.0, 0.0]",6,34.440510141153965,identity,0.06030677944400451,0.002,0.3472946283604298,,0,5
5,0,circle,"[0.045323906604698046, 0.4926012336975861, 0.5056838033031775, 0.000438423204283592, -0.000753638010020946, -0.00020229361321112406, -4.731820083927319e-05, 0.0, 0.0, 0.0, 0.0]",8,,identity,0.45527889254960824,0.0,0.56487965663247,,1,0
6,0,circle,"[0.045337077299880846, 0.4942345222013471, 0.5046690773047874, 0.00041697121435023865, -0.0006458048218971198, -2.965865183329847e-05, -5.4281331611983144e-05, 1.3345243734533868e-05, -3.460180816351973e-05, 5.714726221874779e-06, 1.3657435512741017e-05]",10,188.98129722702677,identity,0.32815693904723264,0.002,0.4780051912822885,,1,1
7,0,circle,"[0.04554987877568514, 0.4957203822400867, 0.5036894065957191, 0.0004257339359921452, -0.0005390833247734535, 0.00011688622896565852, -9.328608324000881e-05, 2.7500626489464382e-05, -4.671213030728312e-05, 1.0937284497283317e-05, 1.2986117213852857e-05]",12,164.51561297940322,identity,0.2251850955641733,0.002,0.3947478606984431,,1,2
8,0,circle,"[0.04592941876546735, 0.49703872135902494, 0.5027551055530046, 0.00045570497839547556, -0.00044375990245389954, 0.00022750649149447846, -0.00013809645674610832, 3.682037689659114e-05, -4.558300678060482e-05, 1.1008275672373713e-05, 7.22349079039852e-06]",14,139.31447566774028,identity,0.14424084749149213,0.002,0.31517340464717675,,1,3
9,0,circle,"[0.046464721054407285, 0.49821820463621863, 0.501840003508004, 0.0004906974616410759, -0.00035395067711023183, 0.00029924910643452506, -0.00017338614261974442, 3.532128102209984e-05, -3.5203385459719625e-05, 5.906884947955623e-06, 2.5766179575227293e-06]",16,112.54044251297225,identity,0.08210259391680805,0.002,0.2375018782253909,,1,4
10,0,circle,"[0.04717839473003247, 0.4992385313070106, 0.5009409838442828, 0.0005084983808179539, -0.000256754619570947, 0.00032191913322328233, -0.0001860626959865843, 1.8763599957030613e-05, -1.660248119116825e-05, -2.4168751431594724e-06, 1.5864031603596119e-06]",18,83.12270395537398,identity,0.03855231395059866,0.002,0.16292272630580712,,1,5
11,0,circle,"[0.04813444397059449, 0.49996136295321414, 0.5001408524165885, 0.0004673370966305336, -0.00013323918797862204, 0.000269051791207667, -0.0001560313216599664, -1.2278771375420143e-05, 4.700509344428568e-06, -9.032485863496833e-06, 2.598159379147537e-06]",20,52.28899750701537,identity,0.013435016980939279,0.002,0.09660482124263098,,1,6
12,0,circle,"[0.04950766467621197, 0.4999713073561288, 0.49985578515313617, 0.00024354585894789102, 3.347567787108342e-05, 7.243586207278458e-05, -3.7959465415785725e-05, -3.5119690146057247e-05, -7.585554662320089e-07, -2.510812946645045e-06, -2.4820680627963506e-06]",22,26.552500194593513,identity,0.0011025037670478503,0.002,0.027854184674655374,,1,7
13,1,circle,"[0.049877810011799084, 0.5000550230824111, 0.5002367573943911, 1.655864550951372e-05, 6.920459179140218e-06, 1.1747959313594905e-05, 1.711118034008076e-05, 1.602752800932941e-05, -1.4805671183482299e-05, -1.9273885010509944e-06, 3.3918046375697915e-06]",26,8.048727133295987,identity,0.0004211348973377507,0.001,0.016897552788055117,,1,8
14,2,circle,"[0.04993966295193964, 0.4999188425614133, 0.49981827473732665, 8.061860634540352e-06, 1.1539632080741284e-05, 8.042097631785986e-06, -1.2699141481074033e-05, -9.308564503997217e-06, 5.2899970329136915e-06, 2.129730497925117e-06, -4.029352416446709e-06]",32,7.785202656166535,identity,0.00026639797923113555,0.0005,0.013419379618833325,,1,9
15,3,circle,"[0.049958216581158454, 0.5000373514847278, 0.5000294743560076, 7.10771543432827e-06, 4.15690405676161e-06, 6.2921755542952085e-06, 3.1768704571442657e-06, 2.4389483690294285e-07, 2.450754164927523e-07, -1.4124107077419884e-06, 1.2153995605851612e-06]",40,6.483582806496328,identity,2.2345982783062525e-05,0.00025,0.0039052159076471966,,1,10
0,0,circle,"[0.045, 0.485, 0.51, 0.0, 0.0, 0.0, 0.0, 0.0, 0.0, 0.0, 0.0]",1,,sobolev,0.19714176032137706,0.0,0.6279199954156215,,0,0
1,0,circle,"[0.04497886258788638, 0.48660412208818754, 0.5091431763622902, 0.00010923613114808294, -0.00016650359526336277, -2.2706077894958698e-05, -4.669978387677312e-06, 0.0, 0.0, 0.0, 0.0]",2,53.10772020612504,sobolev,0.16225517545866153,0.002,0.569658100019058,,0,1
2,0,circle,"[0.045003799540007494, 0.488183652892474, 0.5082749530574614, 0.0001979272105866467, -0.00030967937868543835, -4.5110234813640164e-05, -9.270706763577507e-06, 0.0, 0.0, 0.0, 0.0]",3,48.50263324368901,sobolev,0.13099694032817583,0.002,0.5118533780843413,,0,2
3,0,circle,"[0.04507652235620982, 0.4897360569322208, 0.5073949296778142, 0.0002667924218683851, -0.0004290239729797872, -6.725297074077898e-05, -1.3717348175152393e-05, 0.0, 0.0, 0.0, 0.0]",4,43.765010352700166,sobolev,0.1033140223177732,0.002,0.45456357601060216,,0,3
4,0,circle,"[0.04519959926917706, 0.49125796299819774, 0.5065026776266699, 0.00031644457456526264, -0.0005237592042815093, -8.915218353345732e-05, -1.7879366855499113e-05, 0.0, 0.0, 0.0, 0.0]",5,38.9192264444035,sobolev,0.07915212113458439,0.002,0.3978746564801141,,0,4
5,0,circle,"[0.045376887491345094, 0.4927449078685469, 0.5055977159346257, 0.0003473844339969142, -0.0005927498394500201, -0.00011079141070219123, -2.158763441434547e-05, 0.0, 0.0, 0.0, 0.0]",6,33.99225331418157,sobolev,0.05845171807537379,0.002,0.3419114448958203,,0,5
5,0,circle,"[0.045376887491345094, 0.4927449078685469, 0.5055977159346257, 0.0003473844339969142, -0.0005927498394500201, -0.00011079141070219123, -2.158763441434547e-05, 0.0, 0.0, 0.0, 0.0]",8,,sobolev,0.44229685087186604,0.0,0.5566687807824031,,1,0
6,0,circle,"[0.04540027751315295, 0.4944053441652656, 0.5045616604442802, 0.00033798397604444734, -0.0005083011363478441, -1.9970476047882917e-05, -1.7601023474083798e-05, 9.542370307675263e-06, -1.1466594258310732e-05, 2.433542676456229e-06, 2.5623112730704576e-06]",10,187.09494115748217,sobolev,0.314725568804534,0.002,0.467944771276146,,1,1
7,0,circle,"[0.045653916306884784, 0.4958900026663302, 0.5035733379885701, 0.0003458253748179371, -0.0004301116661558482, 5.73498545559718e-05, -3.312693507445471e-05, 1.7536194025955007e-05, -1.7290765203100877e-05, 4.474760111220004e-06, 3.3245901150961104e-06]",12,161.83113173482877,sobolev,0.21278401753238563,0.002,0.38351813900757065,,1,2
8,0,circle,"[0.046084956340994326, 0.4971862490330737, 0.5026432442835461, 0.00036541058043531807, -0.00036445674399549497, 0.00011826239002203931, -5.508617879551925e-05, 2.3128461985923674e-05, -1.9178835052107904e-05, 5.35883972450355e-06, 3.1506189401575393e-06]",14,136.37421514873478,sobolev,0.1333805467572981,0.002,0.3029103413085024,,1,3
9,0,circle,"[0.046667184877125956, 0.4983260701013574, 0.5017471811810157, 0.00038717186010282236, -0.0003049841244796219, 0.000163177000070529, -7.626066651114039e-05, 2.5191539971227172e-05, -1.7921228812053502e-05, 4.9534444148849235e-06, 2.698974888863433e-06]",16,109.27403709177781,sobolev,0.07339885838966316,0.002,0.22447993349326117,,1,4
10,0,circle,"[0.047415350541311234, 0.49930035674148165, 0.5008780075362548, 0.0003988358947958288, -0.00024004005332308636, 0.00018955381371611542, -9.142956867071858e-05, 2.209584736742141e-05, -1.3360193927275121e-05, 3.1932265791303128e-06, 2.269375566954206e-06]",18,79.45942145182947,sobolev,0.03234916478491122,0.002,0.1492542367541368,,1,5
11,0,circle,"[0.04842232876199413, 0.5000073842805842, 0.5000843426235745, 0.0003751443611951202, -0.00014876372295651778, 0.00018619725844794513, -9.251828812058968e-05, 1.0451697525825831e-05, -4.950826881651803e-06, -1.6538502074634997e-07, 1.77680968236234e-06]",20,48.251143133753104,sobolev,0.009452924380109603,0.002,0.08111767903114,,1,6
12,0,circle,"[0.04999379866574806, 0.4999028179897242, 0.4998620103272783, 0.00019815878402935414, 1.53037101099771e-05, 9.779674822942087e-05, -4.7980047110446605e-05, -1.9930746742301248e-05, 4.990836011812139e-06, -5.481477197789691e-06, 1.9256385155399165e-07]",22,22.003594893420694,sobolev,0.0003232805787305897,0.002,0.0149143452556908,,1,7
13,3,circle,"[0.04998933430246155, 0.5000278830851187, 0.5000162923556428, 0.0001251332371640746, 7.472372796128369e-06, 8.142560334693977e-05, -3.436936419963402e-05, -1.7292391587763195e-05, 1.4170752112503841e-06, -4.119718499895964e-06, 1.0786234933819323e-07]",30,6.418993964781419,sobolev,6.737306689868765e-05,0.00025,0.006851215192468709,,1,8
0,0,circle,"[0.045, 0.485, 0.51, 0.0, 0.0, 0.0, 0.0, 0.0, 0.0, 0.0, 0.0]",1,,neural,0.19714176032137706,0.0,0.6279199954156215,0,0,0
1,0,circle,"[0.045013931597566094, 0.48647863687180326, 0.5090269820722886, -3.2062285937972355e-05, -1.8038232740174652e-05, -0.0002779734923900554, -4.658963260633654e-05, 0.0, 0.0, 0.0, 0.0]",2,53.10772020612504,neural,0.16358561584130923,0.002,0.5719888387745153,0,0,1
2,0,circle,"[0.04517988154509169, 0.48783561056177654, 0.5081353181955031, -5.401663195173952e-05, -3.781725721923961e-05, -0.0005386265184045234, -9.189981847480141e-05, 0.0, 0.0, 0.0, 0.0]",3,48.724998577219715,neural,0.13517883044454698,0.002,0.5199592877226966,0,0,2
3,0,circle,"[0.04545903096082327, 0.4891015467587577, 0.5073034355981788, -6.806812328464573e-05, -5.889290764101328e-05, -0.0007862051144129726, -0.00013626287291176222, 0.0, 0.0, 0.0, 0.0]",4,44.58827155115055,neural,0.11067688616234803,0.002,0.470482488860846,0,0,3
4,0,circle,"[0.04582386439903156, 0.4902981577770042, 0.5065161562801012, -7.626378562456785e-05, -8.094340448924249e-05, -0.0010236660038844406, -0.00017991466764739742, 0.0, 0.0, 0.0, 0.0]",5,40.6024449446056,neural,0.08932151268192104,0.002,0.4226618333417889,0,0,4
5,0,circle,"[0.046253750167431655, 0.4914417772192336, 0.5057620792677715, -8.049719159525847e-05, -0.00010372277159916574, -0.0012531744155068047, -0.00022302906770508201, 0.0, 0.0, 0.0, 0.0]",6,36.69877116179783,neural,0.07064245583807081,0.002,0.3758788523928177,0,0,5
5,0,circle,"[0.046253750167431655, 0.4914417772192336, 0.5057620792677715, -8.049719159525847e-05, -0.00010372277159916574, -0.0012531744155068047, -0.00022302906770508201, 0.0, 0.0, 0.0, 0.0]",8,,neural,0.5449524046753833,0.0,0.6169947825562588,0,1,0
6,0,circle,"[0.0457701955596156, 0.49241194288890155, 0.5051068777889068, -0.0003393384255201587, -0.00010509298991221744, -0.0013940262522473272, -0.00024629409102000526, 6.255979630262213e-05, -8.499368630851253e-06, -0.0001496915578425909, 9.445095663023829e-05]",10,215.5866278114958,neural,0.4511369975751603,0.002,0.5611115651421065,0,1,1
7,0,circle,"[0.045634795012320144, 0.4936189286978711, 0.5042617100988804, -0.00061160338135077, -0.00011733819645999503, -0.001587643648138794, -0.00028623802195674536, 9.291008050675712e-05, -1.1890945444798032e-05, -0.0003324547088888461, 0.00021969668848818318]",12,192.87196235528194,neural,0.3521785388908098,0.002,0.4944585549978854,0,1,2
8,0,circle,"[0.04604435609485574, 0.49460198840862074, 0.5035487856233705, -0.0007517275132569742, -0.00013887415701014863, -0.0017671808282536232, -0.0003281309196149855, 7.419763727800559e-05, -6.645529318389062e-06, -0.00047492277495060544, 0.0003297236109232707]",14,170.9423616233887,neural,0.27522942974642295,0.002,0.4354312319101177,0,1,3
9,0,circle,"[0.04664715458402028, 0.49545494945625607, 0.5029358104580421, -0.0008156513098354638, -0.00016273704593298738, -0.0019350969173918102, -0.00036779188759723, 4.630346978316101e-05, 1.7039817862274257e-06, -0.0005925210835395641, 0.0004252533258933929]",16,158.0410642746593,neural,0.21031272335922846,0.002,0.37907153294298357,0,1,4
10,0,circle,"[0.04732623289911897, 0.4962714707837514, 0.5023662400251792, -0.0008367185017819992, -0.00018732278575574226, -0.002102178723164489, -0.0004062650894210857, 2.300926989020608e-05, 1.1241807485566305e-05, -0.0006993290555146148, 0.0005129981199541988]",18,145.67347360990158,neural,0.1534389346832853,0.002,0.3222506985148161,0,1,5
11,0,circle,"[0.04804004670787383, 0.4970859194570445, 0.5018178252583734, -0.0008238272084510742, -0.00021194756239315733, -0.0022723432389883075, -0.00044383246063169296, 1.0562591937321882e-05, 2.127198925619807e-05, -0.0007991626807386143, 0.0005951534979862989]",20,130.73036765556327,neural,0.1052881551873351,0.002,0.2652555557765731,0,1,6
12,0,circle,"[0.048765862935932804, 0.49791876158450904, 0.5012746656582585, -0.0007764791442391726, -0.00023607518296544285, -0.0024480029053420413, -0.0004806918661683965, 1.447269703098173e-05, 3.137734635165574e-05, -0.0008918090599822003, 0.000672391733201146]",22,112.84475250156109,neural,0.06755502964926413,0.002,0.21041800583330078,0,1,7
13,0,circle,"[0.049482534375164845, 0.4987929365169404, 0.5007149697184081, -0.0006838976197473279, -0.0002589030553282445, -0.002632136317647241, -0.0005175443415935514, 4.3341493061234186e-05, 4.106545019672729e-05, -0.0009719605486431235, 0.000743585402634431]",24,92.9062233254409,neural,0.04218548173170404,0.002,0.163805472425356,0,1,8
14,0,circle,"[0.05014236422053128, 0.49977734115305983, 0.500073034752157, -0.00049352899168851, -0.00027766259678979735, -0.0028343303311635136, -0.0005587203712539042, 0.00012495481159204746, 4.8775874271135596e-05, -0.001010811250901452, 0.0007977093391081805]",26,73.39174323905351,neural,0.03123393959556779,0.002,0.13932119726235065,0,1,9
15,0,circle,"[0.049124412571712975, 0.4995604842902263, 0.5001035921411199, -4.767771223435107e-05, -0.00022656804415522143, -0.002731893573268791, -0.0005878755697867483, 0.000315496935580049, 2.2922656981105835e-05, -0.0005650238199652001, 0.0005340887054239587]",28,60.11688119856842,neural,0.026642335045549314,0.002,0.1296654585098408,0,1,10
0,0,circle,"[0.045, 0.485, 0.51, 0.0, 0.0, 0.0, 0.0, 0.0, 0.0, 0.0, 0.0]",1,,neural,0.19714176032137706,0.0,0.6279199954156215,1,0,0
1,0,circle,"[0.04497402988990237, 0.4862618992100911, 0.5088135333923055, 0.0003888435838442364, -3.137182831035564e-05, -7.667715714465671e-05, 0.00016517558827622698, 0.0, 0.0, 0.0, 0.0]",2,53.10772020612504,neural,0.16483592414111115,0.002,0.5741705742044103,1,0,1
2,0,circle,"[0.045018164790705674, 0.4875923949500188, 0.5075774053427076, 0.0007869719058807205, -6.378219360207185e-05, -0.00015880109485477304, 0.0003406957339811672, 0.0, 0.0, 0.0, 0.0]",3,48.975078251570366,neural,0.1340544393991137,0.002,0.5177923124170805,1,0,2
3,0,circle,"[0.04514416893707901, 0.48897110067809224, 0.5063197532741327, 0.0011837588199521396, -9.663842663908077e-05, -0.000244914227646038, 0.0005240952876343986, 0.0, 0.0, 0.0, 0.0]",4,44.50651289013956,neural,0.1057218802028474,0.002,0.45983014299379593,1,0,3
4,0,circle,"[0.045349509970504256, 0.490310369908653, 0.5051307473269508, 0.0015490917831631388, -0.0001278214286594809, -0.0003290254004509799, 0.0007038714356398972, 0.0, 0.0, 0.0, 0.0]",5,39.77715366540986,neural,0.08167787343675603,0.002,0.40417291704604863,1,0,4
5,0,circle,"[0.045630663398720274, 0.4916184962106692, 0.5040116533906086, 0.0018809514623245563, -0.0001575826755279515, -0.00041086217289838307, 0.0008811764770731452, 0.0, 0.0, 0.0, 0.0]",6,35.11307227706557,neural,0.06149199239917464,0.002,0.35069072528133577,1,0,5
5,0,circle,"[0.045630663398720274, 0.4916184962106692, 0.5040116533906086, 0.0018809514623245563, -0.0001575826755279515, -0.00041086217289838307, 0.0008811764770731452, 0.0, 0.0, 0.0, 0.0]",8,,neural,0.46912584132411905,0.0,0.5729447437780671,1,1,0
6,0,circle,"[0.04560879881515881, 0.49276421719669017, 0.5031102722484655, 0.0021073140625924797, -0.00018511194379467925, -0.00044522524231919715, 0.001040053021145751, 0.0003453177451349714, 4.138163911465078e-06, -0.0001813406523674097, 0.00027762102841044097]",10,200.14375279711734,neural,0.3745732420895405,0.002,0.5106288429949196,1,1,1
7,0,circle,"[0.04586059510989465, 0.4940341212266125, 0.502190579749919, 0.002374517918955561, -0.00021365906995584816, -0.0004890879480404552, 0.0012008475073598077, 0.0006333051671874336, 6.514167823170017e-06, -0.0003753847193874505, 0.0005679749186413691]",12,183.69279280754947,neural,0.284163013449366,0.002,0.44312858696489155,1,1,2
8,0,circle,"[0.04635021387277439, 0.4951841959243727, 0.5014607331385764, 0.002627255877761513, -0.0002375299977577288, -0.0005333339190273673, 0.0013257693211752696, 0.0007879368805047825, 7.007017988295408e-06, -0.000544532551324135, 0.0008036921226673995]",14,166.84553841787178,neural,0.21205022016855157,0.002,0.38140702492999223,1,1,3
9,0,circle,"[0.046991207403950415, 0.49626706152224925, 0.5008878014964575, 0.002854222829047208, -0.0002580071383655297, -0.000577035181606013, 0.0014183225042511852, 0.0008400712144677237, 6.795911955376291e-06, -0.0006983384354957943, 0.000989013176730623]",16,150.6629403408347,neural,0.15388546792915275,0.002,0.32374765259911414,1,1,4
10,0,circle,"[0.047718804404919074, 0.497286589354173, 0.500490589208447, 0.0030180486104646564, -0.00027443258168720076, -0.0006181688557864813, 0.0014699373871519383, 0.0007978816038016299, 6.660773258001102e-06, -0.0008368676492168969, 0.0011098650619452927]",18,133.39643931761975,neural,0.10996446176184022,0.002,0.27261307260657647,1,1,5
11,0,circle,"[0.04851914638545218, 0.49827283125070515, 0.5003058537190077, 0.0030407592422316545, -0.0002845312062747629, -0.0006572976350539421, 0.0014566200911780762, 0.000650097223168234, 7.107265177805284e-06, -0.0009582050259974366, 0.0011358143811663925]",20,116.37650253106672,neural,0.07727454308904906,0.002,0.22746469511580944,1,1,6
12,0,circle,"[0.04942531227310441, 0.4992423306884886, 0.5004440418205673, 0.0025940822606340466, -0.0002749973484623322, -0.0007053357584924947, 0.0012679183074157689, 0.0003413181752462435, 7.637344746506246e-06, -0.0010266279384614685, 0.0009439985137159421]",22,100.3090400165876,neural,0.04722297662328562,0.002,0.17666910334874347,1,1,7
13,0,circle,"[0.04960985596350423, 0.49930929041029853, 0.5001655161485091, 0.0010874657338240514, -0.00020557314565519604, -0.0008216600749487762, 0.0007839169345519013, 0.00036247174054988927, -3.901240386511248e-06, -0.000796717721780545, 0.0005396689643153393]",24,80.08885239026982,neural,0.01868621503410258,0.002,0.10945969680174529,1,1,8
14,0,circle,"[0.0504117918464742, 0.500476033412189, 0.5000412788085227, 0.0005401499855581672, -0.0001677427869619016, -0.0010236753591945746, 0.0005521189005531781, 0.00016340225554834992, -7.679096731138589e-06, -0.0007003653662891509, 0.00033466394461039025]",26,52.26076485484212,neural,0.010993619377186863,0.002,0.08357211183725363,1,1,9
15,0,circle,"[0.05003952954555173, 0.49951177295276783, 0.5003424719560603, 0.0001259666414869145, -0.0001277553370228029, -0.001033413270739474, 0.00034653999496210986, 6.960690616587057e-05, -1.1366476963925069e-05, -0.0004757538021254575, 9.773374869506183e-05]",28,39.69610900434914,neural,0.007181676414793719,0.002,0.06747022210669235,1,1,10
0,0,circle,"[0.045, 0.485, 0.51, 0.0, 0.0, 0.0, 0.0, 0.0, 0.0, 0.0, 0.0]",1,,neural,0.19714176032137706,0.0,0.6279199954156215,2,0,0
1,0,circle,"[0.04513528316156389, 0.4863630951975115, 0.5092913821408385, 0.0001941127291881429, -3.092828657460271e-05, 5.065102697413875e-05, -0.0001682287506241784, 0.0, 0.0, 0.0, 0.0]",2,53.10772020612504,neural,0.1675303217654306,0.002,0.5788442308003607,2,0,1
2,0,circle,"[0.04534723972255361, 0.48768414345134753, 0.508603722051721, 0.00035788586341873815, -6.169400822364903e-05, 9.754589858392438e-05, -0.00032885517205165723, 0.0, 0.0, 0.0, 0.0]",3,49.34778140323116,neural,0.1408760724903663,0.002,0.5308033015917786,2,0,2
3,0,circle,"[0.04562547180982384, 0.4889682759244237, 0.5079318820606463, 0.0004944266082737744, -9.24021710338859e-05, 0.00014068270912011955, -0.0004830830370295001, 0.0, 0.0, 0.0, 0.0]",4,45.56613260687806,neural,0.11687624753688972,0.002,0.4834795704823312,2,0,3
4,0,circle,"[0.045960860874155976, 0.49021984206879804, 0.5072708190465408, 0.0006061191299607644, -0.0001231641100942905, 0.00017995088442711023, -0.0006319903789210921, 0.0, 0.0, 0.0, 0.0]",5,41.75022457817602,neural,0.09531785839771928,0.002,0.4366185025802715,2,0,4
5,0,circle,"[0.046345242793170136, 0.49144249033467235, 0.5066153803572991, 0.0006947268075483397, -0.00015410198159759433, 0.00021512023617195318, -0.0007765699532089587, 0.0, 0.0, 0.0, 0.0]",6,37.89025372430735,neural,0.076057654237501,0.002,0.3900196257561945,2,0,5
5,0,circle,"[0.046345242793170136, 0.49144249033467235, 0.5066153803572991, 0.0006947268075483397, -0.00015410198159759433, 0.00021512023617195318, -0.0007765699532089587, 0.0, 0.0, 0.0, 0.0]",8,,neural,0.5732781389665835,0.0,0.6339469086316318,2,1,0
6,0,circle,"[0.04604902328941417, 0.49259405118074195, 0.5059336473543766, 0.0008836778671867855, -0.00017955218940825346, 0.0002827019567057183, -0.000924724613097478, -3.6010283458380838e-06, 2.394581061596709e-05, -0.0003223806990987862, 1.9367030391959195e-05]",10,222.82788418118034,neural,0.4631790749896649,0.002,0.5692146371709886,2,1,1
7,0,circle,"[0.046040067800412546, 0.4938575284515069, 0.505201992411219, 0.0010610271782995856, -0.00020890186647870652, 0.00034599698440306915, -0.0010859342642107275, -1.1415468224475766e-05, 4.9568820302252364e-05, -0.0006630201323928504, 4.835057420460626e-05]",12,202.63694852514647,neural,0.35923591341329253,0.002,0.5001910240596318,2,1,2
8,0,circle,"[0.046319993847626535, 0.49495511208978915, 0.5045654468268549, 0.0011895050303718088, -0.00023615085490892487, 0.00038573442729780634, -0.0012261772364595218, -1.92193811780709e-05, 7.156847457240507e-05, -0.0009407083487658235, 8.382117649779127e-05]",14,182.3999512106426,neural,0.27789205068024725,0.002,0.43870900462201756,2,1,3
9,0,circle,"[0.04676374229718484, 0.49595493586845163, 0.5039603614022768, 0.0012874758950503964, -0.0002627688448683468, 0.00040326725730780415, -0.0013567816017440604, -2.3091478258135765e-05, 9.199914034221826e-05, -0.0011720014084621142, 0.00012750615333836582]",16,165.63105498818874,neural,0.2094413638004535,0.002,0.3796295790363325,2,1,4
10,0,circle,"[0.047310705262218894, 0.49688951437103906, 0.5033465209537742, 0.001358892900966943, -0.0002896677852875984, 0.000394876893817092, -0.001483847975251782, -1.8809428176965664e-05, 0.00011208088461043327, -0.001360088180762533, 0.00018226769674790114]",18,148.86593339511933,neural,0.15136715655063962,0.002,0.32140278318916143,2,1,5
11,0,circle,"[0.04793133818149139, 0.4977717478254177, 0.5026900281783072, 0.0013974097491998513, -0.00031756832469832336, 0.0003507489882418947, -0.0016109062540755157, -3.8641490603455035e-07, 0.00013274521132477496, -0.0014971684804918775, 0.0002529615476883583]",20,130.9065396655684,neural,0.10350179007792257,0.002,0.26415947429784836,2,1,6
12,0,circle,"[0.04861066950958731, 0.49859396995625493, 0.5019541264761014, 0.0013809801521517035, -0.0003470447465065738, 0.00024925308166457555, -0.0017390147095215972, 4.26867671880254e-05, 0.00015490849435287004, -0.0015581297394063605, 0.0003482654650027059]",22,111.9513583674576,neural,0.06636070997634233,0.002,0.20941821314564507,2,1,7
13,0,circle,"[0.04929758745599088, 0.4992690490656836, 0.5011400433014728, 0.0012515811688028219, -0.00037639506587803514, 4.866235079815156e-05, -0.0018557858121592851, 0.0001281519089272713, 0.00017837104220286553, -0.0014795629232605613, 0.00047825208838590165]",24,93.03886245598912,neural,0.041109766969773656,0.002,0.1624140672355219,2,1,8
14,0,circle,"[0.049787340224663815, 0.49957030296079413, 0.500482421965497, 0.000926805982056744, -0.0003950669721684764, -0.0002668014679539179, -0.001907635468999446, 0.00025555209823911935, 0.00019742390784771767, -0.0011993255865140042, 0.0006207783078587052]",26,75.98895999719944,neural,0.027398734883655428,0.002,0.13107937847895643,2,1,9
15,0,circle,"[0.05009264269542565, 0.4996863816445627, 0.5001872870044297, 0.0002820073065274326, -0.00039564326233390047, -0.0007095560648157214, -0.0018513961282303267, 0.0003948835993809992, 0.00021178889194624798, -0.0007512571665719532, 0.0007433828269733504]",28,62.32861380168934,neural,0.01863759796468299,0.002,0.10760817622115633,2,1,10
0,0,star,"[0.045, 0.485, 0.51, 0.0, 0.0, 0.0, 0.0, 0.0, 0.0, 0.0, 0.0]",1,,identity,0.2096818648316201,0.0,0.6475829905604689,,0,0
1,0,star,"[0.04495869910478189, 0.48656786466712004, 0.5091609469252452, 0.0001601347625821536, -0.00020616562727952223, -4.072233309203934e-05, -5.3956241494582794e-06, 0.0, 0.0, 0.0, 0.0]",2,56.1103725130271,identity,0.17344160425054245,0.002,0.588967918057584,,0,1
2,0,star,"[0.044956769886140995, 0.48812360202392885, 0.5083039777232928, 0.0002944421372404677, -0.000381934014801589, -8.12519335996681e-05, -1.2000582350590158e-05, 0.0, 0.0, 0.0, 0.0]",3,51.30087198545986,identity,0.14079559549107606,0.002,0.5306516663331532,,0,2
3,0,star,"[0.044996545899747775, 0.4896650850277329, 0.5074280652548846, 0.00040331742779969095, -0.000525721932084447, -0.00012169295946833355, -1.947413610857682e-05, 0.0, 0.0, 0.0, 0.0]",4,46.327264897586055,identity,0.1117290116962614,0.002,0.47271346859648794,,0,3
4,0,star,"[0.0450813842866423, 0.4911894274323464, 0.5065320139666405, 0.0004870891081580656, -0.0006355058209532234, -0.00016212111320176425, -2.7360338047568537e-05, 0.0, 0.0, 0.0, 0.0]",5,41.20955640937103,identity,0.08622872377625931,0.002,0.4152799628594169,,0,4
5,0,star,"[0.04521619561436688, 0.49269251825473925, 0.5056144981678867, 0.0005460127032998327, -0.000708652373041426, -0.0002025591408654287, -3.508852015918561e-05, 0.0, 0.0, 0.0, 0.0]",6,35.97112759726575,identity,0.06428272893220696,0.002,0.35856025695050747,,0,5
5,0,star,"[0.04521619561436688, 0.49269251825473925, 0.5056144981678867, 0.0005460127032998327, -0.000708652373041426, -0.0002025591408654287, -3.508852015918561e-05, 0.0, 0.0, 0.0, 0.0]",8,,identity,0.6128941168130155,0.0,0.7741124741472235,,1,0
6,0,star,"[0.045083934391620714, 0.4930651998902794, 0.5053498441670753, 0.0005064513820196825, -0.0007122454248387936, -0.00017766853866020012, 0.00013364881776249644, -0.0006372758184583836, -0.00032432769344744824, 0.0007896716593804592, -0.0002093470814672386]",10,184.33368753177302,identity,0.5321154204107141,0.002,0.7214461342859608,,1,1
7,0,star,"[0.044972234654656794, 0.49347986670342364, 0.5051029689869663, 0.00042952079985629575, -0.0007167800754456435, -0.0001439900209131636, 0.0002886983122116893, -0.0012233099659458386, -0.0006321902103672483, 0.0015707085412706282, -0.0003845484930043181]",12,173.10021359031697,identity,0.45966554190028275,0.002,0.6706823732658923,,1,2
8,0,star,"[0.04488783775594638, 0.49393253651830027, 0.5048683440798345, 0.00031801762536823384, -0.0007211365052514819, -0.00010811526304140034, 0.00042788539083840366, -0.001755881579313766, -0.0009253459833990436, 0.002354900614843975, -0.0005263980670231862]",14,160.63887879095796,identity,0.3949377286738099,0.002,0.6218130402435749,,1,3
9,0,star,"[0.044838265766211076, 0.49442291979200675, 0.5046377568396972, 0.00017430023018963524, -0.000724177147573633, -7.680377007081583e-05, 0.0005506552135775722, -0.002234119178102983, -0.001206731152302501, 0.00315928369445825, -0.0006360326296024062]",16,147.53451257504577,identity,0.33678323154533335,0.002,0.5743479369841284,,1,4
10,0,star,"[0.044833904849488335, 0.49495255627477536, 0.5044012381950869, 3.770692746715297e-08, -0.0007246595716141072, -5.721644059987451e-05, 0.0006565725085715274, -0.0026539933565830004, -0.0014784291977242273, 0.0040035474706655305, -0.0007131691920293922]",18,134.17306219860725,identity,0.2839686423690138,0.002,0.527527137891424,,1,5
11,0,star,"[0.04489015461908469, 0.4955262664321452, 0.5041452021970823, -0.0002043786955860051, -0.0007210913505710126, -5.701630272182463e-05, 0.0007451892538802982, -0.003007799341431714, -0.00174194850859744, 0.004914439996182596, -0.0007556358141783997]",20,120.82665788541372,identity,0.23503187801042077,0.002,0.4800551215642106,,1,6
12,0,star,"[0.045032032284904586, 0.4961525491586175, 0.5038497512399404, -0.0004397350894114455, -0.0007113271076812902, -8.45428591654304e-05, 0.0008155126996633142, -0.0032804985421792045, -0.001997262180144864, 0.005929689934021948, -0.0007580091598104408]",22,107.56399804541273,identity,0.18833474959995186,0.002,0.4298599559841678,,1,7
13,0,star,"[0.04530066310126394, 0.49683563514248014, 0.5034870887344758, -0.0007030425783820721, -0.0006916230826674138, -0.00014759094736694278, 0.0008647647654987829, -0.003440757841362477, -0.00223799434272963, 0.007091289930190696, -0.0007100071664893823]",24,94.09735318238931,identity,0.14270606322873533,0.002,0.3743248733911336,,1,8
14,0,star,"[0.045658900432235354, 0.4974025189053912, 0.5031232968367917, -0.0009148536213337134, -0.0006622801085834919, -0.0002247784930044898, 0.0008828454913478287, -0.0034360301315571845, -0.002399882928301514, 0.008135787241399827, -0.0006226354737191161]",26,79.69864739875638,identity,0.10717338859421666,0.002,0.32452016550656565,,1,9
15,0,star,"[0.046097695773327986, 0.4978897006403051, 0.5027488369951093, -0.0010680632733065954, -0.0006193794672959359, -0.00029788060099203016, 0.000879842140905937, -0.003317185487896421, -0.002501774246988166, 0.00909892050486366, -0.0005134893453065598]",28,67.01040325435436,identity,0.07837654441181588,0.002,0.27763616159263466,,1,10
0,0,star,"[0.045, 0.485, 0.51, 0.0, 0.0, 0.0, 0.0, 0.0, 0.0, 0.0, 0.0]",1,,sobolev,0.2096818648316201,0.0,0.6475829905604689,,0,0
1,0,star,"[0.04495194106085477, 0.48662545712968913, 0.5091301259406189, 0.0001251031867817838, -0.00016106419719017412, -2.255581241544318e-05, -2.988598072324201e-06, 0.0, 0.0, 0.0, 0.0]",2,56.1103725130271,sobolev,0.17234284522829552,0.002,0.587099387205089,,0,1
2,0,star,"[0.04495111510532218, 0.48822550605840354, 0.5082481424906198, 0.00023003487255421372, -0.0002979827486006871, -4.486585030098861e-05, -6.059855135514117e-06, 0.0, 0.0, 0.0, 0.0]",3,51.12514054107256,sobolev,0.1390112922716572,0.002,0.5272784696375479,,0,2
3,0,star,"[0.04499936695091421, 0.48979744564238875, 0.507353708497729, 0.00031571429783820254, -0.0004102365547902703, -6.699320138588938e-05, -9.128776998228426e-06, 0.0, 0.0, 0.0, 0.0]",4,46.00542339639457,sobolev,0.10961661329553815,0.002,0.46822347932485864,,0,3
4,0,star,"[0.04509946422826049, 0.49133778830425756, 0.5064464129011336, 0.0003829951920032176, -0.0004970082092408553, -8.89940811460692e-05, -1.2059084496988465e-05, 0.0, 0.0, 0.0, 0.0]",5,40.778336309535746,sobolev,0.08408478779661996,0.002,0.4100848395067049,,0,4
5,0,star,"[0.045255569963695695, 0.4928417427931387, 0.505525892924731, 0.0004326670127446021, -0.0005570657380817112, -0.00011090918906849956, -1.4668301944670455e-05, 0.0, 0.0, 0.0, 0.0]",6,35.473531546033506,sobolev,0.06233808716279229,0.002,0.35309513495031986,,0,5
5,0,star,"[0.045255569963695695, 0.4928417427931387, 0.505525892924731, 0.0004326670127446021, -0.0005570657380817112, -0.00011090918906849956, -1.4668301944670455e-05, 0.0, 0.0, 0.0, 0.0]",8,,sobolev,0.6084512994404682,0.0,0.7712476248435917,,1,0
6,0,star,"[0.04496334458373291, 0.49356430407620583, 0.5050046583482, 0.0003798531187063519, -0.0005615954812079561, -8.951901136500907e-05, 0.00015755539995610185, -0.0004754908327393202, -0.0002496958137085536, 0.00044412709392143264, -0.00010806257550857687]",10,185.32838692308246,sobolev,0.537852784891394,0.002,0.7250729092504844,,1,1
7,0,star,"[0.04471977267084543, 0.49428530435944357, 0.5045307468931589, 0.0002845844850216532, -0.0005727793868124042, -6.830344478491272e-05, 0.00031450708348843107, -0.0009171539384434487, -0.0004935319388946038, 0.0009319957930877722, -0.00019443730101024944]",12,177.5582974411646,sobolev,0.4737538090251205,0.002,0.6804590410731494,,1,2
8,0,star,"[0.044539198244794416, 0.4950024308920236, 0.5040901670224731, 0.00014594417422031836, -0.0005947326636678229, -5.23607749564126e-05, 0.00045549387099183016, -0.0013261396194292527, -0.0007321057169652246, 0.0014805467368629655, -0.00026148233458654597]",14,167.89087600179695,sobolev,0.4152477847110083,0.002,0.6370316417294086,,1,3
9,0,star,"[0.044443285985717784, 0.49571360777548035, 0.5036677908353984, -4.0038305221767537e-05, -0.0006330844999112821, -4.837251811803274e-05, 0.0005803437469641115, -0.0017007654023444615, -0.0009654630998936636, 0.002116586262049738, -0.00031037908956181603]",16,157.08115034994466,sobolev,0.36065610485792327,0.002,0.593665950970439,,1,4
10,0,star,"[0.04446905206844505, 0.4964167692320971, 0.5032454219221938, -0.00028380189630209345, -0.0006965818333181027, -6.573730010519879e-05, 0.0006892859803112888, -0.0020344827049577066, -0.0011919792681727493, 0.0028848389263891566, -0.0003406986006834172]",18,145.71367514250906,sobolev,0.3071962496602589,0.002,0.5478989252674135,,1,5
11,0,star,"[0.04468704952229555, 0.49711049732555274, 0.5027974475401001, -0.000608762060476876, -0.0007996268814675427, -0.00011939205005196503, 0.0007834461944256793, -0.0023112861805844867, -0.001405734649451904, 0.0038664677051944807, -0.0003493747908926419]",20,133.9790954429691,sobolev,0.2502993079482263,0.002,0.49457915906209754,,1,6
12,0,star,"[0.045062853838538225, 0.49756941809953137, 0.5024533353902517, -0.0009128980589318712, -0.0009097054013416347, -0.00019771775037880513, 0.0008387305026125489, -0.0024328677460246882, -0.0015280442288806092, 0.004774159500234959, -0.000335004044881441]",22,121.11751004488228,sobolev,0.2039724002398091,0.002,0.44650377968857263,,1,7
13,0,star,"[0.04552602492644146, 0.49792468983472704, 0.5021657952242161, -0.0011930249524326692, -0.001009779583722057, -0.00028770733984296475, 0.0008759442677055814, -0.0024708021243654713, -0.0015934491373823588, 0.0056291005721267285, -0.0003102404455314441]",24,109.92865554250672,sobolev,0.16390502676947533,0.002,0.40029918375874346,,1,8
14,0,star,"[0.04605158316597839, 0.4982275963614765, 0.5019107828331864, -0.001442788018425797, -0.0010883507046528117, -0.0003802976613766295, 0.0009012069514810957, -0.0024560042577778385, -0.0016227316312367418, 0.00646068375377148, -0.0002789210500881478]",26,98.79058596675344,sobolev,0.12846237961269757,0.002,0.35444294741253407,,1,9
15,0,star,"[0.0466376190083849, 0.4984962652700504, 0.5016777317588393, -0.0016461803898327194, -0.0011320148755814166, -0.0004649948085061653, 0.000912971507824927, -0.002400225635245544, -0.0016268116801580364, 0.007299102120768799, -0.00024180711942457502]",28,86.99823257769579,sobolev,0.09693056576366857,0.002,0.3079570389003787,,1,10
0,0,star,"[0.045, 0.485, 0.51, 0.0, 0.0, 0.0, 0.0, 0.0, 0.0, 0.0, 0.0]",1,,neural,0.2096818648316201,0.0,0.6475829905604689,0,0,0
1,0,star,"[0.04491361136462195, 0.48645156286146063, 0.5090369793882896, -2.5977823694317386e-05, -1.5291528834560988e-05, -0.0002693467865816697, -4.2609029433052124e-05, 0.0, 0.0, 0.0, 0.0]",2,56.1103725130271,neural,0.17480568151638268,0.002,0.59127942889362,0,0,1
2,0,star,"[0.04499536863289947, 0.48787241448115126, 0.5080961753884259, -4.1297133809363195e-05, -3.3737303826845185e-05, -0.0005392343954161846, -8.699330450045676e-05, 0.0, 0.0, 0.0, 0.0]",3,51.456014533956214,neural,0.14356258930735138,0.002,0.5358406279993174,0,0,2
3,0,star,"[0.04521779006662447, 0.4891809610895309, 0.5072300940379316, -4.51404849217379e-05, -5.3806761188599124e-05, -0.0007932767549555593, -0.00013021088394721232, 0.0, 0.0, 0.0, 0.0]",4,46.804211818568255,neural,0.11717380843751418,0.002,0.4840946362799617,0,0,3
4,0,star,"[0.045546206182892186, 0.4904045972508612, 0.5064195178852982, -3.967263084229811e-05, -7.509137053247848e-05, -0.0010352475174928754, -0.00017252087845158373, 0.0, 0.0, 0.0, 0.0]",5,42.411037663348814,neural,0.09453487830578988,0.002,0.4348215227096973,0,0,4
5,0,star,"[0.04595560269795231, 0.49156313514502187, 0.5056506655861411, -2.684787372424481e-05, -9.7289076666437e-05, -0.0012678272126693151, -0.0002141068920360435, 0.0, 0.0, 0.0, 0.0]",6,38.17870795114844,neural,0.07497002781178183,0.002,0.3872209390303728,0,0,5
5,0,star,"[0.04595560269795231, 0.49156313514502187, 0.5056506655861411, -2.684787372424481e-05, -9.7289076666437e-05, -0.0012678272126693151, -0.0002141068920360435, 0.0, 0.0, 0.0, 0.0]",8,,neural,0.6520888597790452,0.0,0.7987132497543785,0,1,0
6,0,star,"[0.04504383523358848, 0.4919796705644388, 0.5052035324585259, -0.0003628016307570125, -8.630650168762221e-05, -0.0013933440953382641, -0.00025044007283408457, -0.0003924582502211066, -2.4198757951936567e-05, 5.1759093396428575e-05, 2.190743461321857e-05]",10,180.19796446465503,neural,0.6018248590341444,0.002,0.7673366567312447,0,1,1
7,0,star,"[0.04420786071827115, 0.49238910466856733, 0.5047691707937451, -0.0007434957334305639, -7.726706078581534e-05, -0.0015271683302413375, -0.0002775192843813008, -0.0008253272950487755, -4.739677792944537e-05, 0.00011744556923851732, 5.063760348126283e-05]",12,177.91283970502028,neural,0.5557870059239474,0.002,0.7374548397108911,0,1,2
8,0,star,"[0.04350356479638736, 0.4928008788270444, 0.5042986564536801, -0.00117757982097095, -7.1977212754398e-05, -0.0016829365025951685, -0.0002979141835700301, -0.0013343993399760744, -6.922515096084131e-05, 0.00021010266832815873, 9.355648799133488e-05]",14,172.75031805358398,neural,0.5126817307969449,0.002,0.7083411361382554,0,1,3
9,0,star,"[0.043035713581940284, 0.4932204809741995, 0.5037109345030499, -0.0016933867362492721, -7.372446011543343e-05, -0.0018854237727727952, -0.00031417235613913656, -0.001985249476844162, -8.876379985944744e-05, 0.00035840888315409716, 0.00016455700557504557]",16,165.206429577058,neural,0.4686393447192361,0.002,0.6772844295026136,0,1,4
10,0,star,"[0.043042256447250744, 0.49356482619445174, 0.5029722119045628, -0.0022721405124194257, -8.732297295052016e-05, -0.0021409884663550517, -0.00032945075103589505, -0.002769197034801742, -0.00010096914991176807, 0.0005927337423577071, 0.00027302571490752064]",18,156.03097325317236,neural,0.4222187122036569,0.002,0.6428956151474101,0,1,5
11,0,star,"[0.04338716066649155, 0.49370673161876855, 0.5023329924075293, -0.0027761091446949207, -0.00010552022851381282, -0.002364257884488811, -0.00034822109970666877, -0.003402742635164148, -0.0001032009643744086, 0.0008418401483393158, 0.0003714423515689293]",20,147.5969700063834,neural,0.3846212573223332,0.002,0.6136463094847366,0,1,6
12,0,star,"[0.04379072547798481, 0.4937782300998337, 0.501741254860186, -0.003347050281754751, -0.00012461438313134064, -0.002591622400169468, -0.0003766264841890373, -0.003993954274067774, -0.00010233463345198469, 0.0011141782685265681, 0.0004554479651467648]",22,142.26678318198591,neural,0.3484361471738531,0.002,0.5841655000948107,0,1,7
13,0,star,"[0.044219735480820456, 0.49381406303684816, 0.5012128062111868, -0.0040025876778405165, -0.00014412944238246218, -0.0028343648619349477, -0.00041453866944951134, -0.004564226407590874, -9.940273482175689e-05, 0.001409667787622889, 0.0005205055610960457]",24,136.91319189216898,neural,0.3126947763394266,0.002,0.5535623351426993,0,1,8
14,0,star,"[0.04466775535397893, 0.4938315994637469, 0.5007634799851199, -0.00473928180059643, -0.00016387016242634775, -0.00310120442033745, -0.000460417297674792, -0.005124446516105069, -9.479323082238711e-05, 0.0017306691082597493, 0.0005638052550217743]",26,130.67473586111188,neural,0.2773754508029806,0.002,0.5216146247013442,0,1,9
15,0,star,"[0.045129100077169276, 0.4938362419265568, 0.5004021114526559, -0.005545515997570545, -0.0001835308168484213, -0.0034007454017938935, -0.0005115315186304283, -0.0056825827963540385, -8.878182709702194e-05, 0.002084668657164267, 0.0005844383110978725]",28,122.89321987815677,neural,0.24291990934207364,0.002,0.48849771278939136,0,1,10
0,0,star,"[0.045, 0.485, 0.51, 0.0, 0.0, 0.0, 0.0, 0.0, 0.0, 0.0, 0.0]",1,,neural,0.2096818648316201,0.0,0.6475829905604689,1,0,0
1,0,star,"[0.044933710636525244, 0.48623531701759787, 0.5088408070448853, 0.0003873277809159723, -3.093466072599881e-05, -7.359286245326039e-05, 0.00016082904919019234, 0.0, 0.0, 0.0, 0.0]",2,56.1103725130271,neural,0.17615981214102283,0.002,0.5935651811570871,1,0,1
2,0,star,"[0.044932654820183875, 0.4875345425064087, 0.5076355502436949, 0.0007841481910948838, -6.282677647816051e-05, -0.0001523125156270626, 0.0003312658643114437, 0.0, 0.0, 0.0, 0.0]",3,51.778114385684546,neural,0.14431048614213687,0.002,0.5372345598379481,1,0,2
3,0,star,"[0.045010939723674565, 0.4889167362484368, 0.5063755266605393, 0.0011921419551637479, -9.603297274668834e-05, -0.00023722051973857394, 0.0005140568626198854, 0.0, 0.0, 0.0, 0.0]",4,47.121987274389774,neural,0.11424695262384049,0.002,0.47801036102544997,1,0,3
4,0,star,"[0.04517450348485679, 0.49028037924648515, 0.5051648866601708, 0.0015760071551958236, -0.00012802981066948715, -0.00032172449810229873, 0.0006960404112392119, 0.0, 0.0, 0.0, 0.0]",5,42.07773043813606,neural,0.08842496761553875,0.002,0.42053529605858,1,0,4
5,0,star,"[0.04541961258192399, 0.4916077240860828, 0.5040291727687025, 0.0019262416805201897, -0.00015843384261185017, -0.0004040072308303998, 0.0008749559774164899, 0.0, 0.0, 0.0, 0.0]",6,37.037618700501895,neural,0.06691338017796913,0.002,0.36582340050349205,1,0,5
5,0,star,"[0.04541961258192399, 0.4916077240860828, 0.5040291727687025, 0.0019262416805201897, -0.00015843384261185017, -0.0004040072308303998, 0.0008749559774164899, 0.0, 0.0, 0.0, 0.0]",8,,neural,0.6194024749914905,0.0,0.7782823074414289,1,1,0
6,0,star,"[0.04465053342892807, 0.49240808274447584, 0.5039215517087583, 0.002325560471381749, -0.00016735081136911502, -0.0005219229901640959, 0.0009080182560398833, -0.0006658657873619694, 2.394039528543848e-05, 1.0645812502881137e-05, 1.7621172312941554e-05]",10,161.97185155203027,neural,0.5724062680891226,0.002,0.7481203765147251,1,1,1
7,0,star,"[0.043884802432279026, 0.49313687540876483, 0.5037767307341448, 0.00249926532244859, -0.00016076227816360421, -0.0007134653985927041, 0.0009488369407470255, -0.0014254850532374695, 4.0703049735984347e-05, 0.00013542924923692424, 5.231749984841566e-05]",12,156.8135981011094,neural,0.5301361445667443,0.002,0.7199593356381586,1,1,2
8,0,star,"[0.043435550331859786, 0.4936077412249905, 0.5035741558875769, 0.0021908892305228756, -0.00012611791229051556, -0.001008981189005442, 0.0010037071321805317, -0.002196862975285223, 3.798239842909992e-05, 0.0004483149088125792, 0.00012665505637620022]",14,150.29379796880997,neural,0.4904981041137043,0.002,0.6925562932130289,1,1,3
9,0,star,"[0.043551651850220384, 0.4937470687564548, 0.5032654495093101, 0.001242417860544022, -5.970413592786663e-05, -0.0014204206387025183, 0.001093799891725172, -0.0028631275760483063, 7.922586196010979e-06, 0.0009699078332807908, 0.0002776168783872686]",16,144.4199385145057,neural,0.44390249225700396,0.002,0.658914567394946,1,1,4
10,0,star,"[0.04389382722684286, 0.4938020031345334, 0.5029880755776575, 0.00029530036192694726, -4.4752069276429965e-06, -0.001765321920407342, 0.0011998433193099063, -0.003237659797415395, -2.4225306071909983e-05, 0.0014014238365132026, 0.0004449699413153818]",18,140.4345896147858,neural,0.40513027885018127,0.002,0.6295466687045003,1,1,5
11,0,star,"[0.04427313738734375, 0.4939136584112181, 0.5027390707372131, -0.0006256630863125563, 4.619077085891562e-05, -0.002113500839663849, 0.0013198609880591705, -0.0035560178027141047, -5.5672742604908736e-05, 0.0018100113150122292, 0.0006217483392898492]",20,138.6877284138766,neural,0.3667087869553295,0.002,0.5990260469977073,1,1,6
12,0,star,"[0.044682519530113166, 0.49405206950884784, 0.5025256645003232, -0.0015206799186382883, 9.524945709984671e-05, -0.0024757970965044646, 0.0014428340967956163, -0.0038432232744701976, -8.70355399244008e-05, 0.002216119765212819, 0.0007965477199194405]",22,136.70530588458215,neural,0.3284090750314961,0.002,0.5669853823202682,1,1,7
13,0,star,"[0.045107718699859016, 0.49420953031553483, 0.5023518784430524, -0.0024001146743033684, 0.00014433390367684664, -0.0028588342119464836, 0.0015643634522163209, -0.004114271288182623, -0.0001185795389390076, 0.0026312125563338847, 0.0009641470355907683]",24,133.63426677456073,neural,0.29027198685707306,0.002,0.533196921860664,1,1,8
14,0,star,"[0.04552974122860688, 0.4943814641301146, 0.5022187106612669, -0.003277377299674012, 0.00019474727301682567, -0.003268845855562121, 0.001681903413053673, -0.004377774523762425, -0.00015048872904915186, 0.0030651790252591003, 0.0011213167655909173]",26,128.69212489394775,neural,0.2526959722775932,0.002,0.49770381457113455,1,1,9
15,0,star,"[0.04592359147552358, 0.4945639292343907, 0.5021258331458109, -0.004168022676623123, 0.00024788742092803957, -0.003714314962539293, 0.0017928571468177176, -0.004639684700493414, -0.00018290212047650017, 0.0035298500671419775, 0.0012646807667649716]",28,121.099673032095,neural,0.21639500611124568,0.002,0.4608778851986436,1,1,10
0,0,star,"[0.045, 0.485, 0.51, 0.0, 0.0, 0.0, 0.0, 0.0, 0.0, 0.0, 0.0]",1,,neural,0.2096818648316201,0.0,0.6475829905604689,2,0,0
1,0,star,"[0.045067664840032114, 0.4863931026090907, 0.5092613337461663, 0.00022190267858843816, -3.128169531285564e-05, 5.2582887103205136e-05, -0.00017639424793679115, 0.0, 0.0, 0.0, 0.0]",2,56.1103725130271,neural,0.17760323801922492,0.002,0.5959920100458141,2,0,1
2,0,star,"[0.045222589201962364, 0.48773816946817883, 0.5085482694602852, 0.00041050781192717095, -6.230379248516971e-05, 0.00010124069299553052, -0.0003441052091610375, 0.0, 0.0, 0.0, 0.0]",3,51.96191285343077,neural,0.1490291890811509,0.002,0.5459472301993131,2,0,2
3,0,star,"[0.04545334859215446, 0.489040779855537, 0.507855390914275, 0.0005695048670174003, -9.317097521782235e-05, 0.0001460187191424801, -0.0005044550466309014, 0.0, 0.0, 0.0, 0.0]",4,47.82616779927819,neural,0.12354161604893882,0.002,0.4970746745690004,2,0,3
4,0,star,"[0.045750035869285964, 0.49030564945270366, 0.5071774403462607, 0.0007017556895917579, -0.00012399359710831034, 0.00018684532647616982, -0.0006586195247092393, 0.0, 0.0, 0.0, 0.0]",5,43.68757440847001,neural,0.10083721210834574,0.002,0.4490817567177401,2,0,4
5,0,star,"[0.04610395032898921, 0.491536700028564, 0.5065091373725658, 0.0008094198730096003, -0.00015489121309093305, 0.0002235248464577638, -0.00080766843774907, 0.0, 0.0, 0.0, 0.0]",6,39.53323253030159,neural,0.0807020430071402,0.002,0.401751273817869,2,0,5
5,0,star,"[0.04610395032898921, 0.491536700028564, 0.5065091373725658, 0.0008094198730096003, -0.00015489121309093305, 0.0002235248464577638, -0.00080766843774907, 0.0, 0.0, 0.0, 0.0]",8,,neural,0.6767988443103161,0.0,0.8138056824998011,2,1,0
6,0,star,"[0.04519170309115159, 0.4918510954324082, 0.5059714116058551, 0.0011131828378574214, -0.0001598641138846032, 8.123379448797796e-05, -0.0009719668566437925, -0.0003437088173104656, 2.1058083544181797e-05, 6.29566310901635e-05, 9.782320997276569e-06]",10,183.10862071188552,neural,0.6324136607184598,0.002,0.7866592527788447,2,1,1
7,0,star,"[0.04431168236444387, 0.4921749338871552, 0.5054189684913029, 0.001386736287951011, -0.00016506702604750372, -8.716365927746454e-05, -0.0011316790732584935, -0.0007102196854089765, 4.270334094063588e-05, 0.00015164781974047437, 3.126737207938232e-05]",12,177.9615607697252,neural,0.5930829582772024,0.002,0.7618102021837614,2,1,2
8,0,star,"[0.04351352058250071, 0.4925564646630138, 0.5048204244993398, 0.001600453470167061, -0.0001716337506652497, -0.0003051975338092326, -0.0012899030279631394, -0.001126562317438273, 6.643933669692924e-05, 0.00027907246511614406, 7.352294147278753e-05]",14,170.32860316298178,neural,0.5579811459818648,0.002,0.738914711821773,2,1,3
9,0,star,"[0.04292786738229035, 0.49309022783409917, 0.5040991424996604, 0.001657960818065557, -0.00018213198237031206, -0.0006439019944529119, -0.0014482600813866108, -0.0016497054532186425, 9.571021781711037e-05, 0.0004973453489495457, 0.0001649416616357568]",16,161.31904089117702,neural,0.5221396055355362,0.002,0.7147226081359349,2,1,4
10,0,star,"[0.043042433092178874, 0.4936259997949841, 0.5034696701048226, 0.0013284206430714542, -0.000195415306897823, -0.0010815277112269938, -0.0015257900088512964, -0.0020877985334517113, 0.00012197644422008851, 0.0008243205545207975, 0.0003166991287116164]",18,152.5712955477003,neural,0.4867879162897575,0.002,0.6899628486754633,2,1,5
11,0,star,"[0.0434226285978097, 0.4939604092204746, 0.5030244636284181, 0.0008116315411337705, -0.00020622675569558806, -0.001505091652016411, -0.001534750504694105, -0.002314664882473635, 0.00014078706733577687, 0.001185355718013322, 0.00047277313130556495]",20,149.5963303802534,neural,0.45506128841363414,0.002,0.6669993151948275,2,1,6
12,0,star,"[0.043826959561610986, 0.4942356349342682, 0.5026348862613554, 0.00021624127386496049, -0.00021603752000311832, -0.0019340282173747059, -0.0015231963750163037, -0.0024560254428055654, 0.0001582317498790164, 0.0015607410031129741, 0.0006275188621549372]",22,149.42776146298647,neural,0.42250836738602204,0.002,0.6426350229687856,2,1,7
13,0,star,"[0.04423500496275743, 0.49448886948418297, 0.5022824184699151, -0.0004270049812397673, -0.000225184248952251, -0.0023670170079423043, -0.0015010656603939424, -0.0025482788233797604, 0.00017533349065816775, 0.0019392762290549163, 0.0007785878802470172]",24,149.31168888759908,neural,0.3886863973461651,0.002,0.6163441453567515,2,1,8
14,0,star,"[0.04463862385012418, 0.49473224437581725, 0.5019579941037385, -0.0011018473175526174, -0.0002337204190731588, -0.002804880248456305, -0.0014727544760482236, -0.0026099363538758264, 0.0001924634292424309, 0.0023192872407848154, 0.0009256769204513233]",26,148.5175644898725,neural,0.3537770552935926,0.002,0.5880166584941798,2,1,9
15,0,star,"[0.045030073186101194, 0.4949712135511362, 0.5016554438292444, -0.0017993148631410148, -0.0002416074992478511, -0.003249534686355463, -0.0014405920946250947, -0.0026523606445261303, 0.00020983459512749565, 0.0027021649731299204, 0.0010691369665509073]",28,146.41756877712544,neural,0.3182867035767403,0.002,0.557785011261573,2,1,10
