curve,cutoff,cutoff_converged,field_error,gradient_error,gradient_step_consistency,grid,halfwidth,kd,knee_0.001,knee_0.1,knee_1e-06,ko,matrix_error,max_mode,nonzeros,order,parameter,r2_K,r2_Kp,r2_T,r2_V,rate_K,rate_Kp,rate_T,rate_V,rate_envelope,retained,rule,trace_error
circle,24,1.7016054108119002e-16,4.3895734876195325e-17,9.443343368333511e-11,6.259422184717758e-09,256,3.5,2.0,1,1,1,2.0,6.802633589603131e-16,1,1324,49,1.0,nan,nan,nan,nan,nan,nan,nan,nan,nan,0.13785922532278216,fjs_q1,1.986312751855758e-16
circle,24,1.7016054108119002e-16,0.0,1.3884947772846442e-12,6.259422184717758e-09,256,3.5,2.0,1,1,1,2.0,6.066729604546535e-16,1,2716,49,2.0,nan,nan,nan,nan,nan,nan,nan,nan,nan,0.282798833819242,fjs_q2,1.965827821642489e-16
circle,24,1.7016054108119002e-16,0.0,0.0,6.259422184717758e-09,256,3.5,2.0,1,1,1,2.0,5.554083138515027e-16,1,5116,49,4.0,nan,nan,nan,nan,nan,nan,nan,nan,nan,0.5326947105372761,fjs_q4,1.895337758484344e-16
circle,24,1.7016054108119002e-16,0.0,8.855719775426732e-13,6.259422184717758e-09,256,3.5,2.0,1,1,1,2.0,7.139179408951744e-16,1,2604,49,1.2,nan,nan,nan,nan,nan,nan,nan,nan,nan,0.27113702623906705,jwy_mu1.2,1.8603802953351003e-16
circle,24,5.575451929415153e-16,4.2213966513848725e-16,1.3001077426758492e-08,5.062706571102665e-08,256,3.5,10.0,1,1,1,10.0,1.932375133350872e-15,1,1324,49,1.0,nan,nan,nan,nan,nan,nan,nan,nan,nan,0.13785922532278216,fjs_q1,1.2335025629965347e-15
circle,24,5.575451929415153e-16,2.804795387110071e-16,1.791402549287352e-09,5.062706571102665e-08,256,3.5,10.0,1,1,1,10.0,1.860661363429686e-15,1,2716,49,2.0,nan,nan,nan,nan,nan,nan,nan,nan,nan,0.282798833819242,fjs_q2,1.193258526341839e-15
circle,24,5.575451929415153e-16,3.505319840989285e-17,6.253796583960519e-13,5.062706571102665e-08,256,3.5,10.0,1,1,1,10.0,1.772356634323474e-15,1,5116,49,4.0,nan,nan,nan,nan,nan,nan,nan,nan,nan,0.5326947105372761,fjs_q4,1.142295956820099e-15
circle,24,5.575451929415153e-16,2.1477701531980202e-16,1.405156922525541e-09,5.062706571102665e-08,256,3.5,10.0,1,1,1,10.0,1.9467052251820917e-15,1,2604,49,1.2,nan,nan,nan,nan,nan,nan,nan,nan,nan,0.27113702623906705,jwy_mu1.2,1.1727138814732062e-15
circle,54,7.37181566688145e-16,1.913285334704048e-15,8.061805964790968e-08,3.673053287700986e-07,512,3.5,30.0,1,1,1,30.0,6.3791722781961215e-15,1,3844,109,1.0,nan,nan,nan,nan,nan,nan,nan,nan,nan,0.08088544735291642,fjs_q1,4.223099937171943e-15
circle,54,7.37181566688145e-16,1.9551162473399756e-15,6.221521577777402e-12,3.673053287700986e-07,512,3.5,30.0,1,1,1,30.0,6.301006776362311e-15,1,7924,109,2.0,nan,nan,nan,nan,nan,nan,nan,nan,nan,0.16673680666610555,fjs_q2,4.203824310167564e-15
circle,54,7.37181566688145e-16,1.3798935319236197e-15,5.04087668191773e-12,3.673053287700986e-07,512,3.5,30.0,1,1,1,30.0,6.169409659913731e-15,1,14764,109,4.0,nan,nan,nan,nan,nan,nan,nan,nan,nan,0.3106640855146873,fjs_q4,3.991959782624963e-15
circle,54,7.37181566688145e-16,1.5915776199133542e-15,1.6370141016341044e-09,3.673053287700986e-07,512,3.5,30.0,1,1,1,30.0,6.426184253951343e-15,1,6620,109,1.2,nan,nan,nan,nan,nan,nan,nan,nan,nan,0.13929803888561568,jwy_mu1.2,4.071290466235956e-15
ellipse,24,8.331431036509984e-16,0.005231661294326601,0.08967198109595145,8.315510751095986e-09,256,0.30951960420311164,2.0,1,1,1,2.0,0.003020783766989715,1,1324,49,1.0,0.995173682070024,0.9951736820703725,0.9864831571255339,0.982694668940394,0.3672318851940705,0.36723188519534206,0.30349198896342455,0.43655324495353437,0.3073250274035615,0.13785922532278216,fjs_q1,0.004488772722665348
ellipse,24,8.331431036509984e-16,5.47501088362298e-07,7.575757249824663e-05,8.315510751095986e-09,256,0.30951960420311164,2.0,1,1,1,2.0,0.0004223913975768387,1,2716,49,2.0,0.995173682070024,0.9951736820703725,0.9864831571255339,0.982694668940394,0.3672318851940705,0.36723188519534206,0.30349198896342455,0.43655324495353437,0.3073250274035615,0.282798833819242,fjs_q2,2.9466228954688334e-05
ellipse,24,8.331431036509984e-16,6.2607381765480626e-15,2.6672786506190225e-11,8.315510751095986e-09,256,0.30951960420311164,2.0,1,1,1,2.0,4.4289272280474225e-05,1,5116,49,4.0,0.995173682070024,0.9951736820703725,0.9864831571255339,0.982694668940394,0.3672318851940705,0.36723188519534206,0.30349198896342455,0.43655324495353437,0.3073250274035615,0.5326947105372761,fjs_q4,1.0547520446091355e-09
ellipse,24,8.331431036509984e-16,4.2352112500354534e-07,5.023526898760383e-05,8.315510751095986e-09,256,0.30951960420311164,2.0,1,1,1,2.0,0.000647946750151423,1,2604,49,1.2,0.995173682070024,0.9951736820703725,0.9864831571255339,0.982694668940394,0.3672318851940705,0.36723188519534206,0.30349198896342455,0.43655324495353437,0.3073250274035615,0.27113702623906705,jwy_mu1.2,8.293969474083274e-06
ellipse,24,1.062559454371746e-15,0.860392817058421,1.5424519411144086,6.201586944019784e-08,256,0.30951960420311164,10.0,1,1,1,10.0,0.26332341978742246,1,1324,49,1.0,0.9952582490238285,0.9952582490237714,0.9965262970872826,0.9930898045800879,0.3845560671082649,0.38455606710802676,0.3289956748367188,0.4416278807464809,0.34126370833747055,0.13785922532278216,fjs_q1,0.6397987926454076
ellipse,24,1.062559454371746e-15,0.125269010331625,0.3160419140349757,6.201586944019784e-08,256,0.30951960420311164,10.0,1,1,1,10.0,0.06375571216373657,1,2716,49,2.0,0.9952582490238285,0.9952582490237714,0.9965262970872826,0.9930898045800879,0.3845560671082649,0.38455606710802676,0.3289956748367188,0.4416278807464809,0.34126370833747055,0.282798833819242,fjs_q2,0.11581134591396838
ellipse,24,1.062559454371746e-15,4.250797020076103e-06,0.0001094656715152585,6.201586944019784e-08,256,0.30951960420311164,10.0,1,1,1,10.0,0.0017191113516807227,1,5116,49,4.0,0.9952582490238285,0.9952582490237714,0.9965262970872826,0.9930898045800879,0.3845560671082649,0.38455606710802676,0.3289956748367188,0.4416278807464809,0.34126370833747055,0.5326947105372761,fjs_q4,0.0001561280647310177
ellipse,24,1.062559454371746e-15,0.09071355880119687,0.20748265322217851,6.201586944019784e-08,256,0.30951960420311164,10.0,1,1,1,10.0,0.04653166128112216,1,2604,49,1.2,0.9952582490238285,0.9952582490237714,0.9965262970872826,0.9930898045800879,0.3845560671082649,0.38455606710802676,0.3289956748367188,0.4416278807464809,0.34126370833747055,0.27113702623906705,jwy_mu1.2,0.07904353349837581
ellipse,54,3.5465423700679905e-15,0.8955139202225237,1.6742511099348045,3.4506802543877947e-07,512,0.30951960420311164,30.0,1,1,1,30.0,0.6968343986009428,1,3844,109,1.0,0.984272039582213,0.9842720436032216,0.9889623001845894,0.9813784204394599,0.3550861911610144,0.35508624670970895,0.33536161085492106,0.3785256295497305,0.34003038937530156,0.08088544735291642,fjs_q1,1.3215502675079158
ellipse,54,3.5465423700679905e-15,0.8127674085567886,2.085586511932383,3.4506802543877947e-07,512,0.30951960420311164,30.0,1,1,1,30.0,0.5582195543661675,1,7924,109,2.0,0.984272039582213,0.9842720436032216,0.9889623001845894,0.9813784204394599,0.3550861911610144,0.35508624670970895,0.33536161085492106,0.3785256295497305,0.34003038937530156,0.16673680666610555,fjs_q2,1.138251754592772
ellipse,54,3.5465423700679905e-15,0.29853786004710775,0.9278348724908259,3.4506802543877947e-07,512,0.30951960420311164,30.0,1,1,1,30.0,0.13624451710692545,1,14764,109,4.0,0.984272039582213,0.9842720436032216,0.9889623001845894,0.9813784204394599,0.3550861911610144,0.35508624670970895,0.33536161085492106,0.3785256295497305,0.34003038937530156,0.3106640855146873,fjs_q4,0.35313848776995554
ellipse,54,3.5465423700679905e-15,0.6870328726987935,1.879097991224588,3.4506802543877947e-07,512,0.30951960420311164,30.0,1,1,1,30.0,0.3741835224712832,1,6620,109,1.2,0.984272039582213,0.9842720436032216,0.9889623001845894,0.9813784204394599,0.3550861911610144,0.35508624670970895,0.33536161085492106,0.3785256295497305,0.34003038937530156,0.13929803888561568,jwy_mu1.2,0.8246820700490299
kite,24,7.591860255150457e-15,0.024887616450950834,0.17652977301692663,5.758841378711142e-09,256,0.16738230496393547,2.0,16,5,48,2.0000000000000004,0.011643337915305727,2,1324,49,1.0,0.9503337918998865,0.9503337918997289,0.947464694453593,0.9508408480062863,0.29922992310116964,0.29922992310125013,0.24017838312103928,0.35535818274503317,0.24396881462460124,0.13785922532278216,fjs_q1,0.024659283861247647
kite,24,7.591860255150457e-15,3.550412748077937e-05,0.00047765844281467295,5.758841378711142e-09,256,0.16738230496393547,2.0,16,5,48,2.0000000000000004,0.0009755329011951817,2,2716,49,2.0,0.9503337918998865,0.9503337918997289,0.947464694453593,0.9508408480062863,0.29922992310116964,0.29922992310125013,0.24017838312103928,0.35535818274503317,0.24396881462460124,0.282798833819242,fjs_q2,0.0005612336330662582
kite,24,7.591860255150457e-15,2.1455928148051053e-10,6.038027222059682e-09,5.758841378711142e-09,256,0.16738230496393547,2.0,16,5,48,2.0000000000000004,0.00011969995183983386,2,5116,49,4.0,0.9503337918998865,0.9503337918997289,0.947464694453593,0.9508408480062863,0.29922992310116964,0.29922992310125013,0.24017838312103928,0.35535818274503317,0.24396881462460124,0.5326947105372761,fjs_q4,1.0588046407538738e-06
kite,24,7.591860255150457e-15,3.75591075972361e-05,0.0005983674172037908,5.758841378711142e-09,256,0.16738230496393547,2.0,16,5,48,2.0000000000000004,0.0018631361666548493,2,2604,49,1.2,0.9503337918998865,0.9503337918997289,0.947464694453593,0.9508408480062863,0.29922992310116964,0.29922992310125013,0.24017838312103928,0.35535818274503317,0.24396881462460124,0.27113702623906705,jwy_mu1.2,0.0002253523115643654
kite,36,1.1050979863115128e-14,0.5849415472980949,1.8673071580474163,5.0837641256294895e-08,512,0.16738230496393547,10.0,21,11,55,10.000000000000002,0.2799445170577772,2,2548,73,1.0,0.9786853444353518,0.9786853444339247,0.9774857193299159,0.9781713975751091,0.26866735612871345,0.2686673561259983,0.23065478476220763,0.3041976772975109,0.2331674431855752,0.11953462188027772,fjs_q1,0.6185315711807567
kite,36,1.1050979863115128e-14,0.08752180391946478,0.4056375710007178,5.0837641256294895e-08,512,0.16738230496393547,10.0,21,11,55,10.000000000000002,0.08370562481360276,2,4676,73,2.0,0.9786853444353518,0.9786853444339247,0.9774857193299159,0.9781713975751091,0.26866735612871345,0.2686673561259983,0.23065478476220763,0.3041976772975109,0.2331674431855752,0.21936573465941078,fjs_q2,0.12418182212782324
kite,36,1.1050979863115128e-14,0.0001357936184236752,0.0009034399070227917,5.0837641256294895e-08,512,0.16738230496393547,10.0,21,11,55,10.000000000000002,0.0026105030152828814,2,8996,73,4.0,0.9786853444353518,0.9786853444339247,0.9774857193299159,0.9781713975751091,0.26866735612871345,0.2686673561259983,0.23065478476220763,0.3041976772975109,0.2331674431855752,0.42203039969975603,fjs_q4,0.0011200663031124649
kite,36,1.1050979863115128e-14,0.035812348621728544,0.19975425115646703,5.0837641256294895e-08,512,0.16738230496393547,10.0,21,11,55,10.000000000000002,0.039074882826583626,2,4164,73,1.2,0.9786853444353518,0.9786853444339247,0.9774857193299159,0.9781713975751091,0.26866735612871345,0.2686673561259983,0.23065478476220763,0.3041976772975109,0.2331674431855752,0.19534621880277725,jwy_mu1.2,0.04730376867825976
kite,81,1.20459507714717e-14,1.0181037037939218,1.6812634101205903,3.592921826317558e-07,1024,0.16738230496393547,30.0,43,27,65,30.000000000000004,0.59381996246551,2,7052,163,1.0,0.9872544747321754,0.9872545199506502,0.98932009862943,0.9846900527918694,0.23150200377087304,0.2315020877190442,0.21001427871638786,0.253517167179289,0.2133000576076348,0.06635552711806993,fjs_q1,1.0900847914556127
kite,81,1.20459507714717e-14,0.8375823511438778,1.822080177617537,3.592921826317558e-07,1024,0.16738230496393547,30.0,43,27,65,30.000000000000004,0.4002332162020174,2,13252,163,2.0,0.9872544747321754,0.9872545199506502,0.98932009862943,0.9846900527918694,0.23150200377087304,0.2315020877190442,0.21001427871638786,0.253517167179289,0.2133000576076348,0.12469419247995785,fjs_q2,0.8378603617750119
kite,81,1.20459507714717e-14,0.3602999293115893,1.0129195543710316,3.592921826317558e-07,1024,0.16738230496393547,30.0,43,27,65,30.000000000000004,0.16044796192207986,2,25052,163,4.0,0.9872544747321754,0.9872545199506502,0.98932009862943,0.9846900527918694,0.23150200377087304,0.2315020877190442,0.21001427871638786,0.253517167179289,0.2133000576076348,0.23572584591064774,fjs_q4,0.37990516829681714
kite,81,1.20459507714717e-14,0.43199404456121115,1.3806508965664304,3.592921826317558e-07,1024,0.16738230496393547,30.0,43,27,65,30.000000000000004,0.1871028947692488,2,10396,163,1.2,0.9872544747321754,0.9872545199506502,0.98932009862943,0.9846900527918694,0.23150200377087304,0.2315020877190442,0.21001427871638786,0.253517167179289,0.2133000576076348,0.09782076856486883,jwy_mu1.2,0.45008155868954985
crescent,24,1.4393415477829739e-12,0.07400950359223349,0.22755490614217458,7.04871400789152e-09,256,0.09053850616843741,2.0,25,5,-1,1.9999999999999996,0.018249066712213487,2,1324,49,1.0,0.9251208185700501,0.9251208185700432,0.8562576810940832,0.9308355142985905,0.2224450692081303,0.22244506920813312,0.16976081300878126,0.27496810589208137,0.17386851086153216,0.13785922532278216,fjs_q1,0.03595592782413245
crescent,24,1.4393415477829739e-12,9.323659455619929e-05,0.000738749162478734,7.04871400789152e-09,256,0.09053850616843741,2.0,25,5,-1,1.9999999999999996,0.0016524400240914162,2,2716,49,2.0,0.9251208185700501,0.9251208185700432,0.8562576810940832,0.9308355142985905,0.2224450692081303,0.22244506920813312,0.16976081300878126,0.27496810589208137,0.17386851086153216,0.282798833819242,fjs_q2,0.001057185447116224
crescent,24,1.4393415477829739e-12,3.858539802877416e-09,5.606323877730214e-08,7.04871400789152e-09,256,0.09053850616843741,2.0,25,5,-1,1.9999999999999996,0.00043803764920572055,2,5116,49,4.0,0.9251208185700501,0.9251208185700432,0.8562576810940832,0.9308355142985905,0.2224450692081303,0.22244506920813312,0.16976081300878126,0.27496810589208137,0.17386851086153216,0.5326947105372761,fjs_q4,8.219231094592766e-06
crescent,24,1.4393415477829739e-12,8.452100832376255e-05,0.0006498080630207901,7.04871400789152e-09,256,0.09053850616843741,2.0,25,5,-1,1.9999999999999996,0.002657486121957879,2,2604,49,1.2,0.9251208185700501,0.9251208185700432,0.8562576810940832,0.9308355142985905,0.2224450692081303,0.22244506920813312,0.16976081300878126,0.27496810589208137,0.17386851086153216,0.27113702623906705,jwy_mu1.2,0.00040176737873152274
crescent,36,8.869949095746213e-13,0.817299585467613,2.010727947028823,5.665005791986764e-08,512,0.09053850616843741,10.0,32,11,-1,9.999999999999998,0.3394957966071903,2,2548,73,1.0,0.9658427861449387,0.9658427861449336,0.9556702013557138,0.9672192895784371,0.1862308472443727,0.18623084724437522,0.14808244796071887,0.2225146110462338,0.15502118714535268,0.11953462188027772,fjs_q1,0.7099518436803118
crescent,36,8.869949095746213e-13,0.21793612921850855,0.6781862850819326,5.665005791986764e-08,512,0.09053850616843741,10.0,32,11,-1,9.999999999999998,0.14781426863557953,2,4676,73,2.0,0.9658427861449387,0.9658427861449336,0.9556702013557138,0.9672192895784371,0.1862308472443727,0.18623084724437522,0.14808244796071887,0.2225146110462338,0.15502118714535268,0.21936573465941078,fjs_q2,0.23199412451610105
crescent,36,8.869949095746213e-13,0.0004242340990693393,0.002911974263273354,5.665005791986764e-08,512,0.09053850616843741,10.0,32,11,-1,9.999999999999998,0.00807369722382161,2,8996,73,4.0,0.9658427861449387,0.9658427861449336,0.9556702013557138,0.9672192895784371,0.1862308472443727,0.18623084724437522,0.14808244796071887,0.2225146110462338,0.15502118714535268,0.42203039969975603,fjs_q4,0.0024008245377262773
crescent,36,8.869949095746213e-13,0.07835184635214512,0.35303529320851895,5.665005791986764e-08,512,0.09053850616843741,10.0,32,11,-1,9.999999999999998,0.0662512534559839,2,4164,73,1.2,0.9658427861449387,0.9658427861449336,0.9556702013557138,0.9672192895784371,0.1862308472443727,0.18623084724437522,0.14808244796071887,0.2225146110462338,0.15502118714535268,0.19534621880277725,jwy_mu1.2,0.0791319220490746
crescent,81,1.8934705288100494e-14,1.0687315776842028,1.9187564610191528,4.38455345093321e-07,1024,0.09053850616843741,30.0,53,34,111,29.999999999999993,0.6623505325276118,2,7052,163,1.0,0.9847682504261258,0.984768250428671,0.986712111130114,0.982256321989561,0.1406957667064589,0.14069576672085438,0.12409003965803757,0.1559330480519245,0.12770208355845547,0.06635552711806993,fjs_q1,1.2359381747972675
crescent,81,1.8934705288100494e-14,1.0299058754789292,2.133339885376511,4.38455345093321e-07,1024,0.09053850616843741,30.0,53,34,111,29.999999999999993,0.5149152473361794,2,13252,163,2.0,0.9847682504261258,0.984768250428671,0.986712111130114,0.982256321989561,0.1406957667064589,0.14069576672085438,0.12409003965803757,0.1559330480519245,0.12770208355845547,0.12469419247995785,fjs_q2,1.1230909415986152
crescent,81,1.8934705288100494e-14,0.5714131584182472,1.2802317269453989,4.38455345093321e-07,1024,0.09053850616843741,30.0,53,34,111,29.999999999999993,0.269841292467156,2,25052,163,4.0,0.9847682504261258,0.984768250428671,0.986712111130114,0.982256321989561,0.1406957667064589,0.14069576672085438,0.12409003965803757,0.1559330480519245,0.12770208355845547,0.23572584591064774,fjs_q4,0.6901482166991534
crescent,81,1.8934705288100494e-14,0.6788673809837925,1.6734578041492667,4.38455345093321e-07,1024,0.09053850616843741,30.0,53,34,111,29.999999999999993,0.31171163499221155,2,10396,163,1.2,0.9847682504261258,0.984768250428671,0.986712111130114,0.982256321989561,0.1406957667064589,0.14069576672085438,0.12409003965803757,0.1559330480519245,0.12770208355845547,0.09782076856486883,jwy_mu1.2,0.8025184038018996
corrugated,54,1.6961114221876996e-14,0.003930757228394599,0.011206056032527273,6.590472348163347e-09,512,0.10750035796738647,2.0,1,1,1,1.9999999999999996,0.01454415357100785,9,3844,109,1.0,0.9681963867523857,0.968196386775187,0.9670457112712705,0.9627332471400343,0.183985861021465,0.18398586106772447,0.15427464046426503,0.21145106892873067,0.15555174371089905,0.08088544735291642,fjs_q1,0.024154736555594483
corrugated,54,1.6961114221876996e-14,0.00024292545818698757,0.01816640093553706,6.590472348163347e-09,512,0.10750035796738647,2.0,1,1,1,1.9999999999999996,0.004552836973908071,9,7924,109,2.0,0.9681963867523857,0.968196386775187,0.9670457112712705,0.9627332471400343,0.183985861021465,0.18398586106772447,0.15427464046426503,0.21145106892873067,0.15555174371089905,0.16673680666610555,fjs_q2,0.0063986059136542685
corrugated,54,1.6961114221876996e-14,2.947370266450378e-06,0.0001522265547628142,6.590472348163347e-09,512,0.10750035796738647,2.0,1,1,1,1.9999999999999996,0.00028912692923366474,9,14764,109,4.0,0.9681963867523857,0.968196386775187,0.9670457112712705,0.9627332471400343,0.183985861021465,0.18398586106772447,0.15427464046426503,0.21145106892873067,0.15555174371089905,0.3106640855146873,fjs_q4,0.00019917684467161015
corrugated,54,1.6961114221876996e-14,0.00013879107069024913,0.0006132844118551692,6.590472348163347e-09,512,0.10750035796738647,2.0,1,1,1,1.9999999999999996,0.0039054102955829928,9,6620,109,1.2,0.9681963867523857,0.968196386775187,0.9670457112712705,0.9627332471400343,0.183985861021465,0.18398586106772447,0.15427464046426503,0.21145106892873067,0.15555174371089905,0.13929803888561568,jwy_mu1.2,0.00046746493314187324
corrugated,81,1.857557152577979e-15,0.3115800450608051,1.8327329727660429,6.044272752347357e-08,1024,0.10750035796738647,10.0,1,1,1,9.999999999999998,0.24433629895593195,9,7052,163,1.0,0.9794854653852826,0.9794854657963322,0.9778484272379518,0.9732858026170904,0.16185141734202907,0.16185141746869233,0.14372864347701772,0.181699744864578,0.14404227375731846,0.06635552711806993,fjs_q1,0.45045252539787417
corrugated,81,1.857557152577979e-15,0.0321455311454596,0.22929061346021082,6.044272752347357e-08,1024,0.10750035796738647,10.0,1,1,1,9.999999999999998,0.10198303700772883,9,13252,163,2.0,0.9794854653852826,0.9794854657963322,0.9778484272379518,0.9732858026170904,0.16185141734202907,0.16185141746869233,0.14372864347701772,0.181699744864578,0.14404227375731846,0.12469419247995785,fjs_q2,0.1418145746594949
corrugated,81,1.857557152577979e-15,0.00037747344140426494,0.003144600907971355,6.044272752347357e-08,1024,0.10750035796738647,10.0,1,1,1,9.999999999999998,0.013239340705326905,9,25052,163,4.0,0.9794854653852826,0.9794854657963322,0.9778484272379518,0.9732858026170904,0.16185141734202907,0.16185141746869233,0.14372864347701772,0.181699744864578,0.14404227375731846,0.23572584591064774,fjs_q4,0.009539114375292328
corrugated,81,1.857557152577979e-15,0.003561431411130791,0.029562429614076787,6.044272752347357e-08,1024,0.10750035796738647,10.0,1,1,1,9.999999999999998,0.035137161084587344,9,10396,163,1.2,0.9794854653852826,0.9794854657963322,0.9778484272379518,0.9732858026170904,0.16185141734202907,0.16185141746869233,0.14372864347701772,0.181699744864578,0.14404227375731846,0.09782076856486883,jwy_mu1.2,0.018360899120475754
corrugated,121,5.199995671815277e-15,0.8887753574101874,1.8030785250756063,4.007709621324075e-07,1024,0.10750035796738647,30.0,1,1,1,29.999999999999993,0.6213612883997298,9,10572,243,1.0,0.9883040946698063,0.9883042144399325,0.9867385245590794,0.9872916536700806,0.15362877529682817,0.1536288464369117,0.1369449153223799,0.17126555445261768,0.13721793717783654,0.04475943707768125,fjs_q1,0.7491029682974067
corrugated,121,5.199995671815277e-15,0.6353301778738272,1.6658903427954548,4.007709621324075e-07,1024,0.10750035796738647,30.0,1,1,1,29.999999999999993,0.46822006710716385,9,19972,243,2.0,0.9883040946698063,0.9883042144399325,0.9867385245590794,0.9872916536700806,0.15362877529682817,0.1536288464369117,0.1369449153223799,0.17126555445261768,0.13721793717783654,0.08455689342749242,fjs_q2,0.5505081087658383
corrugated,121,5.199995671815277e-15,0.18531423643636527,0.764491616357103,4.007709621324075e-07,1024,0.10750035796738647,30.0,1,1,1,29.999999999999993,0.1526599680367568,9,39948,243,4.0,0.9883040946698063,0.9883042144399325,0.9867385245590794,0.9872916536700806,0.15362877529682817,0.1536288464369117,0.1369449153223799,0.17126555445261768,0.13721793717783654,0.16913072194279327,fjs_q4,0.1823502235648033
corrugated,121,5.199995671815277e-15,0.3007500496835164,0.9721792393491291,4.007709621324075e-07,1024,0.10750035796738647,30.0,1,1,1,29.999999999999993,0.15661983448779432,9,16236,243,1.2,0.9883040946698063,0.9883042144399325,0.9867385245590794,0.9872916536700806,0.15362877529682817,0.1536288464369117,0.1369449153223799,0.17126555445261768,0.13721793717783654,0.06873952141441854,jwy_mu1.2,0.277296664808143
