band_penalty,curve,cutoff,cutoff_converged,field_band_over_kd,field_field_error,field_gradient_error,field_halfband,field_matrix_error,field_nonzeros,field_q_equivalent,field_retained,field_trace_error,gradient_band_over_kd,gradient_field_error,gradient_gradient_error,gradient_halfband,gradient_matrix_error,gradient_nonzeros,gradient_q_equivalent,gradient_retained,gradient_step_consistency,gradient_trace_error,grid,halfwidth,kd,knee_0.001,knee_0.1,knee_1e-06,ko,max_mode,order,r2_K,r2_Kp,r2_T,r2_V,rate_K,rate_Kp,rate_T,rate_V,rate_envelope,shape_direction_modes,tolerance
3,circle,24,1.7016054108119002e-16,0.0,2.4290497904079607e-16,1.6520265055570558,0,8.771546496162992e-16,196,0.0,0.02040816326530612,2.0829669881200746e-16,1.5,4.3895734876195325e-17,9.443343368333511e-11,3,6.802633589603131e-16,1324,0.7708475135546261,0.13785922532278216,6.259422184717758e-09,1.986312751855758e-16,256,3.5,2.0,1,1,1,2.0,1,49,nan,nan,nan,nan,nan,nan,nan,nan,nan,3,0.01
3,circle,24,1.7016054108119002e-16,0.0,2.4290497904079607e-16,1.6520265055570558,0,8.771546496162992e-16,196,0.0,0.02040816326530612,2.0829669881200746e-16,1.5,4.3895734876195325e-17,9.443343368333511e-11,3,6.802633589603131e-16,1324,0.7708475135546261,0.13785922532278216,6.259422184717758e-09,1.986312751855758e-16,256,3.5,2.0,1,1,1,2.0,1,49,nan,nan,nan,nan,nan,nan,nan,nan,nan,3,0.0001
3,circle,24,1.7016054108119002e-16,0.0,2.4290497904079607e-16,1.6520265055570558,0,8.771546496162992e-16,196,0.0,0.02040816326530612,2.0829669881200746e-16,1.5,4.3895734876195325e-17,9.443343368333511e-11,3,6.802633589603131e-16,1324,0.7708475135546261,0.13785922532278216,6.259422184717758e-09,1.986312751855758e-16,256,3.5,2.0,1,1,1,2.0,1,49,nan,nan,nan,nan,nan,nan,nan,nan,nan,3,1e-06
3,circle,24,5.575451929415153e-16,0.0,5.147471343222277e-16,3.6687915546087595,0,2.042852127932581e-15,196,0.0,0.02040816326530612,1.2772713423487956e-15,0.3,4.2213966513848725e-16,1.3001077426758492e-08,3,1.932375133350872e-15,1324,0.7708475135546261,0.13785922532278216,5.062706571102665e-08,1.2335025629965347e-15,256,3.5,10.0,1,1,1,10.0,1,49,nan,nan,nan,nan,nan,nan,nan,nan,nan,3,0.01
3,circle,24,5.575451929415153e-16,0.0,5.147471343222277e-16,3.6687915546087595,0,2.042852127932581e-15,196,0.0,0.02040816326530612,1.2772713423487956e-15,0.3,4.2213966513848725e-16,1.3001077426758492e-08,3,1.932375133350872e-15,1324,0.7708475135546261,0.13785922532278216,5.062706571102665e-08,1.2335025629965347e-15,256,3.5,10.0,1,1,1,10.0,1,49,nan,nan,nan,nan,nan,nan,nan,nan,nan,3,0.0001
3,circle,24,5.575451929415153e-16,0.0,5.147471343222277e-16,3.6687915546087595,0,2.042852127932581e-15,196,0.0,0.02040816326530612,1.2772713423487956e-15,0.3,4.2213966513848725e-16,1.3001077426758492e-08,3,1.932375133350872e-15,1324,0.7708475135546261,0.13785922532278216,5.062706571102665e-08,1.2335025629965347e-15,256,3.5,10.0,1,1,1,10.0,1,49,nan,nan,nan,nan,nan,nan,nan,nan,nan,3,1e-06
3,circle,54,7.37181566688145e-16,0.0,2.407941106018415e-15,5.135084605537966,0,6.521160999786383e-15,436,0.0,0.009174311926605505,4.467869342548913e-15,0.1,1.9909279002684574e-15,1.2090408693217215e-07,3,6.431311196476221e-15,3004,0.6394750667210205,0.06321016749431865,3.673053287700986e-07,4.2612586201071025e-15,512,3.5,30.0,1,1,1,30.0,1,109,nan,nan,nan,nan,nan,nan,nan,nan,nan,3,0.01
3,circle,54,7.37181566688145e-16,0.0,2.407941106018415e-15,5.135084605537966,0,6.521160999786383e-15,436,0.0,0.009174311926605505,4.467869342548913e-15,0.1,1.9909279002684574e-15,1.2090408693217215e-07,3,6.431311196476221e-15,3004,0.6394750667210205,0.06321016749431865,3.673053287700986e-07,4.2612586201071025e-15,512,3.5,30.0,1,1,1,30.0,1,109,nan,nan,nan,nan,nan,nan,nan,nan,nan,3,0.0001
3,circle,54,7.37181566688145e-16,0.0,2.407941106018415e-15,5.135084605537966,0,6.521160999786383e-15,436,0.0,0.009174311926605505,4.467869342548913e-15,0.1,1.9909279002684574e-15,1.2090408693217215e-07,3,6.431311196476221e-15,3004,0.6394750667210205,0.06321016749431865,3.673053287700986e-07,4.2612586201071025e-15,512,3.5,30.0,1,1,1,30.0,1,109,nan,nan,nan,nan,nan,nan,nan,nan,nan,3,1e-06
2,ellipse,24,8.331431036509984e-16,1.0,0.005231661294326597,0.15568987265671594,2,0.003020783766989715,956,0.5138983423697507,0.09954185755935027,0.004488772722665347,2.0,5.689321835604037e-05,0.004103777813641951,4,0.0007696283367851771,1684,1.0277966847395015,0.1753436068304873,8.315510751095986e-09,0.00034163639381439134,256,0.30951960420311164,2.0,1,1,1,2.0,1,49,0.995173682070024,0.9951736820703725,0.9864831571255339,0.982694668940394,0.3672318851940705,0.36723188519534206,0.30349198896342455,0.43655324495353437,0.3073250274035615,3,0.01
2,ellipse,24,8.331431036509984e-16,2.0,5.689321835604037e-05,0.004103777813641951,4,0.0007696283367851771,1684,1.0277966847395015,0.1753436068304873,0.00034163639381439134,3.0,5.47501088362298e-07,7.944293899813015e-05,6,0.0004223913975768387,2380,1.5416950271092522,0.2478134110787172,8.315510751095986e-09,2.9466228954688327e-05,256,0.30951960420311164,2.0,1,1,1,2.0,1,49,0.995173682070024,0.9951736820703725,0.9864831571255339,0.982694668940394,0.3672318851940705,0.36723188519534206,0.30349198896342455,0.43655324495353437,0.3073250274035615,3,0.0001
4,ellipse,24,8.331431036509984e-16,3.0,5.47501088362298e-07,7.944293899813015e-05,6,0.0004223913975768387,2380,1.5416950271092522,0.2478134110787172,2.9466228954688327e-05,5.0,5.0379239916352555e-11,1.3141872179146276e-08,10,0.00014148679724877377,3676,2.5694917118487535,0.3827571845064556,8.315510751095986e-09,1.5542729841945797e-07,256,0.30951960420311164,2.0,1,1,1,2.0,1,49,0.995173682070024,0.9951736820703725,0.9864831571255339,0.982694668940394,0.3672318851940705,0.36723188519534206,0.30349198896342455,0.43655324495353437,0.3073250274035615,3,1e-06
2,ellipse,24,1.062559454371746e-15,1.0,0.0015160481573355908,0.01589931293289219,10,0.007806836608684973,3676,2.5694917118487535,0.3827571845064556,0.00492976424650437,1.2,8.995185291601985e-05,0.001541704225523023,12,0.0033791213096310883,4276,3.0833900542185044,0.44523115368596416,6.201586944019784e-08,0.0009145634573497459,256,0.30951960420311164,10.0,1,1,1,10.0,1,49,0.9952582490238285,0.9952582490237714,0.9965262970872826,0.9930898045800879,0.3845560671082649,0.38455606710802676,0.3289956748367188,0.4416278807464809,0.34126370833747055,3,0.01
4,ellipse,24,1.062559454371746e-15,1.2,8.995185291601985e-05,0.001541704225523023,12,0.0033791213096310883,4276,3.0833900542185044,0.44523115368596416,0.0009145634573497459,1.6,1.6632971711815386e-07,6.38323135017406e-06,16,0.0009027220013730597,5380,4.111186738958006,0.5601832569762599,6.201586944019784e-08,2.443803523543415e-05,256,0.30951960420311164,10.0,1,1,1,10.0,1,49,0.9952582490238285,0.9952582490237714,0.9965262970872826,0.9930898045800879,0.3845560671082649,0.38455606710802676,0.3289956748367188,0.4416278807464809,0.34126370833747055,3,0.0001
2,ellipse,24,1.062559454371746e-15,1.6,1.6632971711815386e-07,6.38323135017406e-06,16,0.0009027220013730597,5380,4.111186738958006,0.5601832569762599,2.443803523543415e-05,1.8,5.424672312467114e-09,2.941941772383846e-07,18,0.0004748207045861984,5884,4.625085081327756,0.6126613910870471,6.201586944019784e-08,3.471130605288759e-06,256,0.30951960420311164,10.0,1,1,1,10.0,1,49,0.9952582490238285,0.9952582490237714,0.9965262970872826,0.9930898045800879,0.3845560671082649,0.38455606710802676,0.3289956748367188,0.4416278807464809,0.34126370833747055,3,1e-06
2,ellipse,54,3.5465423700679905e-15,0.8666666666666667,0.005754141483391887,0.030920310323195963,26,0.007844998366673862,20300,5.542117244915511,0.4271525965827792,0.00800535655800731,0.9333333333333333,0.000996887935857193,0.0071000983456337785,28,0.0031322445812145797,21604,5.968433956062858,0.4545913643632691,3.4506802543877947e-07,0.002111638020903815,512,0.30951960420311164,30.0,1,1,1,30.0,1,109,0.984272039582213,0.9842720436032216,0.9889623001845894,0.9813784204394599,0.3550861911610144,0.35508624670970895,0.33536161085492106,0.3785256295497305,0.34003038937530156,3,0.01
2,ellipse,54,3.5465423700679905e-15,1.0666666666666667,1.4177868320402499e-05,0.0001701472194742279,32,0.00044166677196775633,24116,6.821067378357553,0.5074488679404091,0.00013470925085862543,1.1333333333333333,1.2632319100797902e-06,1.895912904813593e-05,34,0.00016520754702846363,25324,7.2473840895049,0.5328676037370592,3.4506802543877947e-07,2.9661576792835936e-05,512,0.30951960420311164,30.0,1,1,1,30.0,1,109,0.984272039582213,0.9842720436032216,0.9889623001845894,0.9813784204394599,0.3550861911610144,0.35508624670970895,0.33536161085492106,0.3785256295497305,0.34003038937530156,3,0.0001
2,ellipse,54,3.5465423700679905e-15,1.2,9.821811662448146e-08,1.7956095680439936e-06,36,6.434971819886011e-05,26500,7.673700800652247,0.557612995539096,5.9893208078061104e-06,1.2666666666666666,6.95937965726814e-09,1.5131373871307453e-07,38,2.6558769923861616e-05,27644,8.100017511799594,0.5816850433465196,3.4506802543877947e-07,1.137549126724646e-06,512,0.30951960420311164,30.0,1,1,1,30.0,1,109,0.984272039582213,0.9842720436032216,0.9889623001845894,0.9813784204394599,0.3550861911610144,0.35508624670970895,0.33536161085492106,0.3785256295497305,0.34003038937530156,3,1e-06
2,kite,24,7.591860255150457e-15,2.0,0.004097033006859446,0.044010432343555034,4,0.004572055394156381,1684,1.0277966847395015,0.1753436068304873,0.007396999495122264,3.0,0.0003564442206692901,0.004370918859941927,6,0.0017676147237077739,2380,1.5416950271092522,0.2478134110787172,5.758841378711142e-09,0.001609589237358148,256,0.16738230496393547,2.0,16,5,48,2.0000000000000004,2,49,0.9503337918998865,0.9503337918997289,0.947464694453593,0.9508408480062863,0.29922992310116964,0.29922992310125013,0.24017838312103928,0.35535818274503317,0.24396881462460124,3,0.01
1,kite,24,7.591860255150457e-15,3.5,3.550412748077937e-05,0.00047765844281467295,7,0.0009755329011951817,2716,1.7986441982941275,0.282798833819242,0.0005612336330662582,4.0,3.5573808503244892e-06,7.406391076943869e-05,8,0.000679781934207971,3044,2.055593369479003,0.31695127030403997,5.758841378711142e-09,0.00018109039680110924,256,0.16738230496393547,2.0,16,5,48,2.0000000000000004,2,49,0.9503337918998865,0.9503337918997289,0.947464694453593,0.9508408480062863,0.29922992310116964,0.29922992310125013,0.24017838312103928,0.35535818274503317,0.24396881462460124,3,0.0001
2,kite,24,7.591860255150457e-15,5.0,1.8076092538190858e-07,3.4989428936174838e-06,10,0.00035794976484265496,3676,2.5694917118487535,0.3827571845064556,3.586677469253195e-05,6.0,3.96806069580338e-08,7.728694309261657e-07,12,0.0002714486367470238,4276,3.0833900542185044,0.44523115368596416,5.758841378711142e-09,1.5450984351206858e-05,256,0.16738230496393547,2.0,16,5,48,2.0000000000000004,2,49,0.9503337918998865,0.9503337918997289,0.947464694453593,0.9508408480062863,0.29922992310116964,0.29922992310125013,0.24017838312103928,0.35535818274503317,0.24396881462460124,3,1e-06
3,kite,36,1.1050979863115128e-14,1.2,0.006706700773988716,0.0375679418604428,12,0.012711787146391445,6676,2.796903260502111,0.31319196847438546,0.01346372577887957,1.5,0.00038426023802823355,0.00314432211372197,15,0.004339759364382202,8092,3.4961290756276386,0.3796209420153875,5.0837641256294895e-08,0.0022026671926590304,512,0.16738230496393547,10.0,21,11,55,10.000000000000002,2,73,0.9786853444353518,0.9786853444339247,0.9774857193299159,0.9781713975751091,0.26866735612871345,0.2686673561259983,0.23065478476220763,0.3041976772975109,0.2331674431855752,3,0.01
2,kite,36,1.1050979863115128e-14,1.8,2.104020333166303e-05,0.0002922486868825316,18,0.0018710844257642993,9436,4.195354890753166,0.4426721711390505,0.00037272276747780486,2.0,3.298803326087185e-06,3.5671127055932417e-05,20,0.0010102919376279663,10292,4.661505434170185,0.48282979921185964,5.0837641256294895e-08,0.00010989985961887474,512,0.16738230496393547,10.0,21,11,55,10.000000000000002,2,73,0.9786853444353518,0.9786853444339247,0.9774857193299159,0.9781713975751091,0.26866735612871345,0.2686673561259983,0.23065478476220763,0.3041976772975109,0.2331674431855752,3,0.0001
2,kite,36,1.1050979863115128e-14,2.3,1.7969754613380116e-07,3.126056432492207e-06,23,0.000548549235472865,11516,5.360731249295713,0.5402514543066241,2.731613626481827e-05,2.5,1.751575866233066e-08,2.617819375372736e-07,25,0.00031375440919649127,12292,5.826881792712731,0.5766560330268343,5.0837641256294895e-08,6.164389916827103e-06,512,0.16738230496393547,10.0,21,11,55,10.000000000000002,2,73,0.9786853444353518,0.9786853444339247,0.9774857193299159,0.9781713975751091,0.26866735612871345,0.2686673561259983,0.23065478476220763,0.3041976772975109,0.2331674431855752,3,1e-06
3,kite,81,1.20459507714717e-14,1.0666666666666667,0.008932183731584518,0.03075240236715036,32,0.00969205211451742,38156,6.2822083412986665,0.3590274379916444,0.010992172816469064,1.1666666666666667,0.0016061785338226135,0.006414516528358386,35,0.0033135869666732886,41252,6.871165373295416,0.3881591328239678,3.592921826317558e-07,0.002750886491574404,1024,0.16738230496393547,30.0,43,27,65,30.000000000000004,2,163,0.9872544747321754,0.9872545199506502,0.98932009862943,0.9846900527918694,0.23150200377087304,0.2315020877190442,0.21001427871638786,0.253517167179289,0.2133000576076348,3,0.01
3,kite,81,1.20459507714717e-14,1.3666666666666667,8.151897074153025e-05,0.0003806094701203625,41,0.0004160416357103086,47228,8.049079437288917,0.4443900786631036,0.00021196888050075414,1.4666666666666666,1.4638442532686429e-05,6.644215555673863e-05,44,0.00012368787282268588,50108,8.638036469285666,0.4714893296699161,3.592921826317558e-07,4.752047623977764e-05,1024,0.16738230496393547,30.0,43,27,65,30.000000000000004,2,163,0.9872544747321754,0.9872545199506502,0.98932009862943,0.9846900527918694,0.23150200377087304,0.2315020877190442,0.21001427871638786,0.253517167179289,0.2133000576076348,3,0.0001
2,kite,81,1.20459507714717e-14,1.6,6.68885095947197e-07,4.13125542005618e-06,48,3.502952930752775e-05,53836,9.423312511948,0.50656780458429,6.4667529096037615e-06,1.6666666666666667,7.895236072799676e-08,7.610861600119848e-07,50,1.779610451736892e-05,55652,9.815950533279166,0.52365538785803,3.592921826317558e-07,1.655803534377268e-06,1024,0.16738230496393547,30.0,43,27,65,30.000000000000004,2,163,0.9872544747321754,0.9872545199506502,0.98932009862943,0.9846900527918694,0.23150200377087304,0.2315020877190442,0.21001427871638786,0.253517167179289,0.2133000576076348,3,1e-06
2,crescent,24,1.4393415477829739e-12,2.0,0.009583203955324335,0.05657234057243368,4,0.00696812967248034,1684,1.0277966847395015,0.1753436068304873,0.010619617715648158,3.0,0.0012636929714806633,0.0066263899214578405,6,0.0031342967513041473,2380,1.5416950271092522,0.2478134110787172,7.04871400789152e-09,0.002988328799024574,256,0.09053850616843741,2.0,25,5,-1,1.9999999999999996,2,49,0.9251208185700501,0.9251208185700432,0.8562576810940832,0.9308355142985905,0.2224450692081303,0.22244506920813312,0.16976081300878126,0.27496810589208137,0.17386851086153216,3,0.01
3,crescent,24,1.4393415477829739e-12,3.5,9.323659455619929e-05,0.000738749162478734,7,0.0016524400240914162,2716,1.7986441982941275,0.282798833819242,0.001057185447116224,5.0,2.1889359248764896e-06,1.9343316280861853e-05,10,0.0008046505752159847,3676,2.5694917118487535,0.3827571845064556,7.04871400789152e-09,0.0001370944536006623,256,0.09053850616843741,2.0,25,5,-1,1.9999999999999996,2,49,0.9251208185700501,0.9251208185700432,0.8562576810940832,0.9308355142985905,0.2224450692081303,0.22244506920813312,0.16976081300878126,0.27496810589208137,0.17386851086153216,3,0.0001
2,crescent,24,1.4393415477829739e-12,5.5,7.459378836232103e-07,7.545396127027595e-06,11,0.0007659971729590092,3980,2.8264408830336287,0.4144106622240733,9.129508569695843e-05,6.5,7.79245608619421e-08,7.862562181279966e-07,13,0.0005971021270069964,4564,3.3403392254033797,0.4752186588921283,7.04871400789152e-09,2.8349352118437814e-05,256,0.09053850616843741,2.0,25,5,-1,1.9999999999999996,2,49,0.9251208185700501,0.9251208185700432,0.8562576810940832,0.9308355142985905,0.2224450692081303,0.22244506920813312,0.16976081300878126,0.27496810589208137,0.17386851086153216,3,1e-06
3,crescent,36,8.869949095746213e-13,1.3,0.009954425094688905,0.04835032918639206,13,0.02402754609729603,7156,3.0299785322106203,0.3357102645899794,0.020559075121482587,1.6,0.001776252128648959,0.008571718266811442,16,0.010486492594107655,8548,3.729204347336148,0.40101332332520173,5.665005791986764e-08,0.005818973705137499,512,0.09053850616843741,10.0,32,11,-1,9.999999999999998,2,73,0.9658427861449387,0.9658427861449336,0.9556702013557138,0.9672192895784371,0.1862308472443727,0.18623084724437522,0.14808244796071887,0.2225146110462338,0.15502118714535268,3,0.01
2,crescent,36,8.869949095746213e-13,2.0,7.111219096244935e-05,0.00041931079672077605,20,0.005413221460731155,10292,4.661505434170185,0.48282979921185964,0.0009933207733816565,2.2,6.1250253570837455e-06,5.320231564075416e-05,22,0.0038906705635595824,11116,5.127655977587204,0.5214862075436292,5.665005791986764e-08,0.00030095254520933157,512,0.09053850616843741,10.0,32,11,-1,9.999999999999998,2,73,0.9658427861449387,0.9658427861449336,0.9556702013557138,0.9672192895784371,0.1862308472443727,0.18623084724437522,0.14808244796071887,0.2225146110462338,0.15502118714535268,3,0.0001
2,crescent,36,8.869949095746213e-13,2.6,4.343396147908802e-07,3.9619155206741236e-06,26,0.002226664261508714,12668,6.059957064421241,0.5942953649840496,6.109768338400532e-05,2.8,9.55708873989078e-08,9.62123997790224e-07,28,0.0017700843782053831,13396,6.526107607838259,0.6284481140927003,5.665005791986764e-08,3.300527344045738e-05,512,0.09053850616843741,10.0,32,11,-1,9.999999999999998,2,73,0.9658427861449387,0.9658427861449336,0.9556702013557138,0.9672192895784371,0.1862308472443727,0.18623084724437522,0.14808244796071887,0.2225146110462338,0.15502118714535268,3,1e-06
3,crescent,81,1.8934705288100494e-14,1.2666666666666666,0.0076790459363103285,0.028040081109480076,38,0.011738957017086004,44276,7.460122405292166,0.41661334638112085,0.01032724801321255,1.3666666666666667,0.0015348625805559782,0.007373099155958547,41,0.005549584469639051,47228,8.049079437288917,0.4443900786631036,4.38455345093321e-07,0.003072334514848685,1024,0.09053850616843741,30.0,53,34,111,29.999999999999993,2,163,0.9847682504261258,0.984768250428671,0.986712111130114,0.982256321989561,0.1406957667064589,0.14069576672085438,0.12409003965803757,0.1559330480519245,0.12770208355845547,3,0.01
2,crescent,81,1.8934705288100494e-14,1.6,4.1822506173096026e-05,0.0002196921860321165,48,0.0012315324450828371,53836,9.423312511948,0.50656780458429,0.0002486757632945729,1.6666666666666667,1.3318374149025733e-05,8.4206942069471e-05,50,0.0008557127226417755,55652,9.815950533279166,0.52365538785803,4.38455345093321e-07,0.0001032302149000616,1024,0.09053850616843741,30.0,53,34,111,29.999999999999993,2,163,0.9847682504261258,0.984768250428671,0.986712111130114,0.982256321989561,0.1406957667064589,0.14069576672085438,0.12409003965803757,0.1559330480519245,0.12770208355845547,3,0.0001
4,crescent,81,1.8934705288100494e-14,1.8333333333333333,4.808498240452249e-07,3.777395915002303e-06,55,0.0004230646740613476,60052,10.797545586607082,0.5650570213406602,2.937821598097756e-05,1.9666666666666666,1.0813195455712071e-07,7.391598101843165e-07,59,0.00023703444990419943,63428,11.582821629269416,0.5968233655764237,4.38455345093321e-07,7.334958726590826e-06,1024,0.09053850616843741,30.0,53,34,111,29.999999999999993,2,163,0.9847682504261258,0.984768250428671,0.986712111130114,0.982256321989561,0.1406957667064589,0.14069576672085438,0.12409003965803757,0.1559330480519245,0.12770208355845547,3,1e-06
10,corrugated,54,1.6961114221876996e-14,0.0,0.005099281722980605,1.5136263426956755,0,0.015634253665029293,436,0.0,0.009174311926605505,0.027514306152326317,5.0,0.00024292545818698728,0.009098452610633127,10,0.004552836973908071,8716,2.1315835557367353,0.18340207053278343,6.590472348163347e-09,0.00639860591365427,512,0.10750035796738647,2.0,1,1,1,1.9999999999999996,9,109,0.9681963867523857,0.968196386775187,0.9670457112712705,0.9627332471400343,0.183985861021465,0.18398586106772447,0.15427464046426503,0.21145106892873067,0.15555174371089905,3,0.01
3,corrugated,54,1.6961114221876996e-14,8.0,2.947370266449357e-06,0.0002276223277220461,16,0.00028912692923366474,13300,3.4105336891787763,0.2798585977611312,0.0001991768446716101,9.5,2.9473702664502114e-06,9.808664572080328e-06,19,0.00028912692923366474,15484,4.050008755899797,0.32581432539348537,6.590472348163347e-09,0.00019917684467161013,512,0.10750035796738647,2.0,1,1,1,1.9999999999999996,9,109,0.9681963867523857,0.968196386775187,0.9670457112712705,0.9627332471400343,0.183985861021465,0.18398586106772447,0.15427464046426503,0.21145106892873067,0.15555174371089905,3,0.0001
4,corrugated,54,1.6961114221876996e-14,10.0,1.4589169768243645e-07,2.7603182228262894e-06,20,0.0001916844392832731,16196,4.263167111473471,0.3407962292736302,8.005748010089324e-05,12.0,1.3523357032282405e-08,5.549849908755391e-07,24,8.4196049602622e-05,18964,5.115800533768164,0.3990404848076761,6.590472348163347e-09,1.391832322261223e-05,512,0.10750035796738647,2.0,1,1,1,1.9999999999999996,9,109,0.9681963867523857,0.968196386775187,0.9670457112712705,0.9627332471400343,0.183985861021465,0.18398586106772447,0.15427464046426503,0.21145106892873067,0.15555174371089905,3,1e-06
3,corrugated,81,1.857557152577979e-15,1.6,0.0012734440540864325,0.02592315722591451,16,0.01957850065100073,20428,3.1411041706493332,0.19221649290526555,0.017481672280987973,1.9,0.001273444054086427,0.0065276770480598885,19,0.01957850065100073,23908,3.730061202646083,0.2249614212051639,6.044272752347357e-08,0.017481672280987973,1024,0.10750035796738647,10.0,1,1,1,9.999999999999998,9,163,0.9794854653852826,0.9794854657963322,0.9778484272379518,0.9732858026170904,0.16185141734202907,0.16185141746869233,0.14372864347701772,0.181699744864578,0.14404227375731846,3,0.01
4,corrugated,81,1.857557152577979e-15,2.4,3.462267598975941e-05,0.0007751225709848161,24,0.004200120796118472,29548,4.711656255974,0.27803078776017165,0.0022871078458940194,2.8,5.028966011804339e-06,6.0106802223519815e-05,28,0.0021303595350952694,33916,5.496932298636334,0.3191313184538372,6.044272752347357e-08,0.0010617093546922576,1024,0.10750035796738647,10.0,1,1,1,9.999999999999998,9,163,0.9794854653852826,0.9794854657963322,0.9778484272379518,0.9732858026170904,0.16185141734202907,0.16185141746869233,0.14372864347701772,0.181699744864578,0.14404227375731846,3,0.0001
4,corrugated,81,1.857557152577979e-15,3.2,6.323601484249587e-07,9.727290188407541e-06,32,0.0005938909267205317,38156,6.2822083412986665,0.3590274379916444,0.00017479393679485644,3.6,1.0752538158692799e-07,9.129920381919813e-07,36,0.000285694121743339,42268,7.067484383961,0.3977191463735933,6.044272752347357e-08,6.308087737380085e-05,1024,0.10750035796738647,10.0,1,1,1,9.999999999999998,9,163,0.9794854653852826,0.9794854657963322,0.9778484272379518,0.9732858026170904,0.16185141734202907,0.16185141746869233,0.14372864347701772,0.181699744864578,0.14404227375731846,3,1e-06
6,corrugated,121,5.199995671815277e-15,1.0666666666666667,0.008082181042003086,0.04644797361241559,32,0.026178271625147784,58956,5.82553105041176,0.249606259208454,0.019299912930315816,1.2666666666666666,0.0031731239284917088,0.008764248081981616,38,0.014567250347776603,68916,6.917818122363965,0.2917746278514454,4.007709621324075e-07,0.009065986324877812,1024,0.10750035796738647,30.0,1,1,1,29.999999999999993,9,243,0.9883040946698063,0.9883042144399325,0.9867385245590794,0.9872916536700806,0.15362877529682817,0.1536288464369117,0.1369449153223799,0.17126555445261768,0.13721793717783654,3,0.01
4,corrugated,121,5.199995671815277e-15,1.6,6.0195951147449216e-05,0.0003392997129890632,48,0.0018459918440176632,84876,8.738296575617639,0.35934562820708227,0.0007442423680329144,1.7333333333333334,1.441033144384134e-05,8.331515404301986e-05,52,0.0009090043229481698,91036,9.46648795691911,0.3854256634320649,4.007709621324075e-07,0.0002991593500113677,1024,0.10750035796738647,30.0,1,1,1,29.999999999999993,9,243,0.9883040946698063,0.9883042144399325,0.9867385245590794,0.9872916536700806,0.15362877529682817,0.1536288464369117,0.1369449153223799,0.17126555445261768,0.13721793717783654,3,0.0001
4,corrugated,121,5.199995671815277e-15,2.0,6.335515551465961e-07,3.27505937660854e-06,60,0.00015797861474911337,102972,10.922870719522049,0.4359599654524209,3.819004575828671e-05,2.1333333333333333,1.253880807443871e-07,6.810584206914703e-07,64,8.570711649508388e-05,108748,11.65106210082352,0.4604142322477942,4.007709621324075e-07,1.446178556905372e-05,1024,0.10750035796738647,30.0,1,1,1,29.999999999999993,9,243,0.9883040946698063,0.9883042144399325,0.9867385245590794,0.9872916536700806,0.15362877529682817,0.1536288464369117,0.1369449153223799,0.17126555445261768,0.13721793717783654,3,1e-06
