iteration,stage,stage_iteration,stage_train_frequencies_ghz,stage_maximum_mode,modal_step_m,loss,relative_l2_error,applied_damping,accepted_backtrack_count,maximum_modal_field_update_m,curve_change_m,redistance_curve_drift_m,eikonal_rms,eikonal_maximum_deviation,maximum_curve_field_residual,trust_region_predicted_relative_change,accepted_step_predicted_relative_change,arclength_refit_rms_m,arclength_refit_maximum_m,arclength_speed_ratio_before,arclength_speed_ratio_after,radial_spectral_tail_rms_m,radial_spectral_tail_limit_m,spectral_tail_rejection_count,redistance_steps,redistance_stop_reason,evaluation_count,maximum_system_residual
0,1,0,"0.5,1.5,2.5",5,"0,0,0,0,0,0,0,0,0,0,0",2.219062507589622,1.1932495751158327,0.0,0,0.0,0.0,0.0,0.0933948455194287,0.4902231980828736,2.918452577868602e-08,0.0,0.0,0.0,0.0,1.00001817680281,1.00001817680281,0.0007229168981293282,,0,0,initialized,1,4.387037875908222e-15
1,1,1,"0.5,1.5,2.5",5,"-0.00067493908113709818,-0.00016148628376279648,-0.00064743401408678524,0.00093809419099657944,0.00058274920104949804,-0.00014965940951493911,-0.00057987490168539592,0.00021423224429253021,-5.0062963783038419e-05,0.00022804543756896242,-0.00031681905710740022",2.010286329199414,1.1633322342641443,1.4330125702369627,0,0.001997520264186305,0.0020071705303263093,9.356117487769253e-05,0.09643432029570796,0.5176309794179965,9.019801545672411e-05,0.10489768108640145,0.10489768108640145,7.989745742657985e-09,2.2184868292659244e-08,1.1224363125604977,1.0000297877047766,0.0006875957803275007,,0,460,distance_boundary_and_eikonal_tolerances,25,4.923362580238809e-15
2,1,2,"0.5,1.5,2.5",5,"-0.00052912062297690075,-6.2993923936311192e-05,-0.00094128626910500006,0.00084971886360225726,0.00027762625440572094,-0.00030970502751630696,-0.00058307511618697146,0.00016665728847515786,-6.6616382475486098e-05,0.00020728859284746133,-0.00021375580221556171",1.861974589578586,1.136851978040421,1.1459152647850992,0,0.001993005849313563,0.001998411758841967,0.000173720681855578,0.09435732935897387,0.555951757539251,0.00011871599329163224,0.08293323215524047,0.08293323215524047,5.42436601400761e-09,1.4303051606374825e-08,1.1202059555174864,1.0000201699075928,0.0006675362212422495,,0,280,distance_boundary_and_eikonal_tolerances,49,5.529289031111846e-15
3,1,3,"0.5,1.5,2.5",5,"-0.0004784399625627373,5.350579930045417e-05,-0.0011111632336946906,0.00083119527438673757,-1.4333247533173404e-05,-0.00040910494466850025,-0.00060011954020241121,8.7310081959203099e-05,-0.00012469990898414672,0.00018363527386169978,-0.00015374441648020989",1.7498890021410982,1.1113537422047022,0.7586190765256101,0,0.001992921812710336,0.0019951453453971933,0.00016316987928229675,0.09393816207260981,0.5834965575756275,0.00010104827724301876,0.0685144745276892,0.0685144745276892,6.3092420186760415e-09,1.9167174493754108e-08,1.1175620992137272,1.0000357731355878,0.0006754582768442029,,0,300,distance_boundary_and_eikonal_tolerances,73,1.4048014605765052e-14
4,1,4,"0.5,1.5,2.5",5,"-0.00049661876244448601,0.00020494215604664599,-0.0012000901058110832,0.00087566689572768884,-0.00034567849122009214,-0.00050087940875420363,-0.00068971460908492596,-6.3697131209254003e-05,-0.00016714630599540514,0.00017554121079417878,-6.6230208428828485e-05",1.6614845446540154,1.0850035609640467,0.3350531954029642,0,0.001998579354587198,0.0019982207653617464,0.00011031125682431599,0.09385790224196804,0.5912148423786112,9.099228073023493e-05,0.05899571469362257,0.05899571469362257,1.7942046953177926e-08,6.733270926559916e-08,1.117393905647457,1.000120058967881,0.0007229317870737789,,0,260,distance_boundary_and_eikonal_tolerances,97,1.6976774018743298e-14
5,1,5,"0.5,1.5,2.5",5,"-0.00047261772140559308,0.00028013317892913725,-0.00092320867980949821,0.00074893989286010487,-0.00068464513577116233,-0.00045690371659969358,-0.00085080053509666237,-0.00019093408347706573,-4.9155178430893968e-05,0.00016017084203023789,7.2776182203569448e-05",1.5965267911799446,1.0616777870356628,0.10051595862088926,0,0.0019828755538008193,0.0019893657081344737,0.00012487945284464348,0.09881896427203496,0.6194031611012424,9.785396282322193e-05,0.0449428806709174,0.0449428806709174,6.143515123370708e-08,2.386670716533396e-07,1.12694525614445,1.0003814860040365,0.0008199261816112639,,0,140,distance_boundary_and_eikonal_tolerances,121,1.6976774018743298e-14
6,1,6,"0.5,1.5,2.5",5,"-0.00041560287305548885,0.0003266262243058656,-0.00062690700868494112,0.00055128124497540718,-0.00075714457549958881,-0.00047905885630340127,-0.0008893986910305685,-0.0001886237919231721,7.3730651138888414e-05,0.00018283818014667294,0.00014614257143825954",1.5509166346187955,1.043095165779536,0.030154787586266777,0,0.0019383791398327385,0.0019497711694431322,0.00020465792472928958,0.07957544733791981,0.5936930452894296,0.0001101156519697972,0.0320679460195019,0.0320679460195019,1.466991809192286e-07,5.922486315446783e-07,1.1235967587242834,1.0008776526711478,0.0009476462548409541,,0,1200,distance_boundary_and_eikonal_tolerances_at_final_state,145,1.6976774018743298e-14
7,1,7,"0.5,1.5,2.5",5,"-0.00039418024869435341,0.00045234822587194044,-0.00056867993732142305,0.00054186391058569166,-0.00065168473992466324,-0.00062354609399116381,-0.00080819158746197272,-0.00022395555098523578,8.9812838247704173e-05,0.00020585476249435398,9.0666991211884926e-05",1.5167066389560286,1.0261293007151553,0.009046436275880032,0,0.001961866973879701,0.0019788536603426838,0.0002120591656867503,0.08479371741244512,0.6052404449838954,0.00011064779164888673,0.023518312856934134,0.023518312856934134,2.457805855779927e-07,9.883866626500597e-07,1.1194834995704799,1.0015252724328692,0.0010894260834502494,,0,140,distance_boundary_and_eikonal_tolerances,169,1.6976774018743298e-14
8,1,8,"0.5,1.5,2.5",5,"-0.00033489546198563972,0.0005426921998802855,-0.00051630635218438551,0.00056780673404067548,-0.00056875227800646567,-0.000637170411414803,-0.00068246963858024283,-0.00026050686868016304,7.2963619539183992e-05,0.00012633648034079148,-3.7389484048943605e-05",1.486381324044949,1.0095321982866747,0.03889097069755122,0,0.0019997316378148142,0.002013631826958412,0.00025493874447659313,0.08988181438522777,0.6323502133836196,0.00013888158024777354,0.019566187762394695,0.019566187762394695,3.195464164895862e-07,1.1986326739952928e-06,1.108540394773243,1.0021022717471635,0.001235962971613285,,0,240,distance_boundary_and_eikonal_tolerances,193,1.6976774018743298e-14
9,1,9,"0.5,1.5,2.5",5,"-0.00022121879820497002,0.00052604984610029758,-0.00049652364456504144,0.0005284559949079935,-0.00054106304588694772,-0.00051906725876388099,-0.00051477836102037399,-0.00026180832450888757,4.0842014643120727e-05,2.1320195158734373e-06,-0.00016411576454241077",1.4564359337519774,0.993163320140086,0.13966739653045993,0,0.0019964986281456832,0.002011351020807938,0.00014147023844049588,0.08817699340719536,0.6637622156963983,9.567330719088135e-05,0.018996280327491576,0.018996280327491576,3.652280012813718e-07,1.3297794301194394e-06,1.099777682806932,1.0025122073384334,0.0013679331165450258,,0,380,distance_boundary_and_eikonal_tolerances,217,1.6976774018743298e-14
10,1,10,"0.5,1.5,2.5",5,"-0.00013401228405763373,0.000472329422078298,-0.00052706192752696658,0.00048242204037760294,-0.00055384794183419267,-0.00041380453319360123,-0.00039398479730225986,-0.00026536053546686119,1.9196649879550619e-05,-5.973712966364099e-05,-0.00024121348956747615",1.425359581304662,0.9765548986844944,0.26484851516981317,0,0.0019968445434829893,0.0020189503038289033,0.00017281959893129822,0.09537775802162042,0.6775439748945351,0.0001231385960576614,0.020362321233650865,0.020362321233650865,4.186315995243734e-07,1.5583479799786283e-06,1.1015491293275934,1.0029375765131587,0.0014858735726478106,,0,120,distance_boundary_and_eikonal_tolerances,241,1.6976774018743298e-14
11,1,11,"0.5,1.5,2.5",5,"-9.2447256391792987e-05,0.00043633628940381309,-0.00058427186060587707,0.00046378892478641755,-0.00060534278957773526,-0.00036147212870012223,-0.00031835290676090886,-0.00027878178539620952,3.0657798876463789e-05,-5.3653387765607048e-05,-0.00029173540225870112",1.3929276681718386,0.9591696287381658,0.34113894120211286,0,0.0019985762343451108,0.0020234077146320394,0.00015011698545600662,0.08162649407225782,0.6529243555601356,0.00010438201911295046,0.02231287466490311,0.02231287466490311,5.036560231044545e-07,1.899451130549842e-06,1.1111190616808948,1.0035785565316047,0.001604315540390316,,0,1200,distance_boundary_and_eikonal_tolerances_at_final_state,265,1.6976774018743298e-14
12,1,12,"0.5,1.5,2.5",5,"-8.3782652571056442e-05,0.00043458741130849421,-0.00067379817422854422,0.00047410148150462225,-0.00070832860086766458,-0.00035876749313086483,-0.00024492715616959221,-0.00028834233691518561,8.8725068168234012e-05,5.6926772295592476e-06,-0.0003507036854974353",1.3591754487175498,0.9404222683340475,0.32073496107752536,0,0.001998251677042813,0.002022434476044169,0.00017870685237858164,0.07705497850843553,0.5895022174726149,0.00011812877686258349,0.02442937499007475,0.02442937499007475,6.408769725764244e-07,2.4369951455138786e-06,1.1247365601038861,1.0045440487521295,0.0017446255836226856,,0,900,distance_boundary_and_eikonal_tolerances,289,1.6976774018743298e-14
13,1,13,"0.5,1.5,2.5",5,"-0.00010652082008144286,0.00048705483543023069,-0.00083920197254513679,0.0005267478629353608,-0.00090885491745542767,-0.00042742103353604329,-0.0001185853455043448,-0.000271058689079754,0.00023053282004611913,0.00013422801006632052,-0.00046360506453303952",1.3223170955852988,0.9191868004328921,0.1993764260088083,0,0.001997913808122871,0.0020307451372012396,0.00024823432062747467,0.08150180867483306,0.5722469840983737,0.00011384948036550178,0.027792478599379136,0.027792478599379136,8.796814062773295e-07,3.663948611054703e-06,1.143360430421968,1.0061532950531988,0.0019508654611142884,,0,280,distance_boundary_and_eikonal_tolerances,313,1.6976774018743298e-14
14,1,14,"0.5,1.5,2.5",5,"-0.00010439272365810525,0.00050267909322704589,-0.00094881539661248189,0.00050655127701691282,-0.0010564626960566953,-0.00050271532876485848,0.00012159811896816252,-0.00010902954453179582,0.00039337228785156129,0.00026021528126447829,-0.00061800839673493795",1.284423508127943,0.8980173843741476,0.11429969232615184,0,0.001998307558184849,0.002025366851143044,0.0003024580693485733,0.08980062189378565,0.572565029231473,0.00014181951032802382,0.029371995285513087,0.029371995285513087,1.175123624665762e-06,5.178188796792751e-06,1.1436129515375741,1.008456027722201,0.0022420801523446478,,0,220,distance_boundary_and_eikonal_tolerances,337,1.6976774018743298e-14
15,1,15,"0.5,1.5,2.5",5,"-5.8145699369233824e-05,0.00042798350854339755,-0.00089903321609740281,0.0004157202754413201,-0.0010312612786894321,-0.00047683932409825269,0.00034018654398360369,0.0001172303060541427,0.00042567263728339358,0.00024328686963389929,-0.00071132644133369276",1.2503268861759085,0.8804907526859184,0.09733999421013223,0,0.001996238737650436,0.0020281066976735895,0.00027648642201447734,0.09447957525731081,0.6511089981731004,0.00011024040999574975,0.02778270424943955,0.02778270424943955,1.401018387480178e-06,6.1787337558015765e-06,1.149811446448111,1.010730495950449,0.002569706569377392,,0,300,distance_boundary_and_eikonal_tolerances,361,1.6976774018743298e-14
16,1,16,"0.5,1.5,2.5",5,"-7.091785722247467e-05,0.0004250399912364158,-0.00080479060584321663,0.00047782717899860566,-0.0010644143211640451,-0.00046911706335757972,0.00046136668394627077,0.00023055067664114174,0.0004386704848170223,0.00017166387110009534,-0.00081122010241275664",1.2211319900824216,0.8658342234573287,0.029201998263039666,0,0.0019477750197931672,0.0019890158599800414,0.00024167281302577644,0.09831336861531023,0.620870079177585,0.0001485801633889115,0.02614910869796939,0.02614910869796939,1.5832898231894728e-06,7.004080611243096e-06,1.1501216315641776,1.0126896421277714,0.002967530468212787,,0,340,distance_boundary_and_eikonal_tolerances,385,1.6976774018743298e-14
17,1,17,"0.5,1.5,2.5",5,"-3.2356240233042389e-05,0.00033676366683670864,-0.00043683821136060517,0.00037042914871594432,-0.00081514664373605187,-0.00027854155107533027,0.00035239863462108612,0.00033375924673643281,0.00023122811054552411,-2.8508343275777323e-05,-0.00064186047144447901",1.204259728858439,0.856900715863914,0.008760599478911899,0,0.001215493626262623,0.0012584407568867633,0.00035161461358664177,0.09816427110738943,0.6179367522444175,0.00015237701798271035,0.01582274805098213,0.01582274805098213,1.565581794382582e-06,7.061390578547802e-06,1.1056618934528446,1.0129497024672616,0.003299177470741317,,0,340,distance_boundary_and_eikonal_tolerances,409,1.6976774018743298e-14
18,1,18,"0.5,1.5,2.5",5,"-8.140470680469079e-06,0.00026672005398774702,-0.00013422545197402193,0.00022807229918762881,-0.00056946507209956559,-0.0001135531703549677,0.00019673550814957631,0.00040043028072012571,4.6228656557504943e-05,-0.00016625392487895282,-0.00042789788039959828",1.1934567616453462,0.8512127063956159,0.0026281798436735694,0,0.0009285714960651594,0.0009420296466180275,0.0003461820162330501,0.09899137369353747,0.6378807358633573,0.000150032647227882,0.009730663403423049,0.009730663403423049,1.4659145951749582e-06,6.8818674338315924e-06,1.069763165370953,1.0125007058183668,0.0035520789011999456,,0,300,distance_boundary_and_eikonal_tolerances,433,1.6976774018743298e-14
19,1,19,"0.5,1.5,2.5",5,"-1.2551740023142614e-05,0.00023963807480998495,-1.2836335018024792e-07,0.00015674746330065511,-0.00045938443635620287,-4.9479544956080077e-05,0.00014136830941239537,0.00041130537759988018,-7.2495003548314491e-05,-0.00024624041887196766,-0.00030373535835936846",1.1839675546394193,0.8466014874636576,0.0007884539531020708,0,0.0009877340151713166,0.0009940402798831684,0.0002744310144894923,0.09144511899994116,0.6569468408238788,0.00016219207311445744,0.008187186972710944,0.008187186972710944,1.3709639920572303e-06,6.624000815040338e-06,1.0738332630736152,1.011987517119744,0.0037736783373473275,,0,700,distance_boundary_and_eikonal_tolerances,457,1.6976774018743298e-14
20,1,20,"0.5,1.5,2.5",5,"-2.5835004811309146e-05,0.00023284925219342555,3.7982974362844961e-05,9.8799421473423572e-05,-0.00042873336023741508,-3.4087212424397917e-05,0.00016033451310091098,0.00040404218552974182,-0.00018520511449754786,-0.00031015799038674812,-0.00023709853278730284",1.1736528494804732,0.8420198396354425,0.00023653618593062124,0,0.0011414610542108308,0.001148766100276188,0.00020231130256436285,0.08408846037579423,0.6605024539817164,0.0001241594225712987,0.008551652359364241,0.008551652359364241,1.3163807065768135e-06,6.456786624598115e-06,1.083812114934491,1.0116675933909154,0.0039938239524799175,,0,1080,distance_boundary_and_eikonal_tolerances_at_final_state,481,1.6976774018743298e-14
21,1,21,"0.5,1.5,2.5",5,"-4.0760547936454567e-05,0.00022544319544992659,3.7338132904458022e-05,1.1333687117824942e-05,-0.00042167216149129131,-2.3833577459549227e-05,0.00021691779082384094,0.00040303263793986126,-0.00032941294187402019,-0.00036670102224929484,-0.00019256215198481448",1.1607978643879364,0.8369392418479508,7.096085577918636e-05,0,0.001366015652332207,0.0013744814591605588,0.00033909558561500205,0.07960188814931105,0.6803235503814373,0.0001574445759523679,0.010413217841437034,0.010413217841437034,1.3281363331118054e-06,6.5637343732240584e-06,1.100939014893013,1.012012830514839,0.004226132030674207,,0,1200,distance_boundary_and_eikonal_tolerances_at_final_state,505,1.6976774018743298e-14
22,1,22,"0.5,1.5,2.5",5,"-5.7738127595207798e-05,0.00019954234619861685,2.7232234131536312e-05,-0.00011921022998999812,-0.00039382944355856992,1.1498768362753808e-05,0.00028265288211198577,0.00039869374045999669,-0.00049886497747718569,-0.00038081185586122304,-0.00014801749014319005",1.1448023118205708,0.8312295933171037,2.1288256733755908e-05,0,0.0015956655336145714,0.001594791859454164,0.0002903549655776858,0.07608159708833759,0.6693249427911782,0.00011860345207652476,0.013298659521171288,0.013298659521171288,1.4634492863218246e-06,7.272728520516821e-06,1.1240382449744417,1.0132575662764873,0.004469761432475357,,0,760,distance_boundary_and_eikonal_tolerances,529,1.6976774018743298e-14
23,1,23,"0.5,1.5,2.5",5,"-7.5232688811757253e-05,0.00014182854048191734,1.5231729983826338e-05,-0.0002629796514852414,-0.00031817402608322603,7.9355766808920602e-05,0.00031185388744385816,0.00034489095430929791,-0.00061289439722639534,-0.00029483166630818355,-8.7694051836188219e-05",1.1284275745397543,0.8252413124748903,6.386477020126772e-06,0,0.0016510279039525814,0.001652408515433281,0.0002608151464461556,0.08042679273817963,0.6877964484344155,0.00014187587851454114,0.014778101455067517,0.014778101455067517,1.8039027839876326e-06,8.861489305714667e-06,1.137831592042964,1.0159713962525658,0.004703213611369039,,0,140,distance_boundary_and_eikonal_tolerances,553,1.6976774018743298e-14
24,1,24,"0.5,1.5,2.5",5,"-8.0899740174393835e-05,5.7816689863505659e-05,-2.0009237406273071e-05,-0.00033544370793015015,-0.00022321884907544555,0.00013978247728942307,0.00026041937675968569,0.00020957857906158311,-0.00056506049018238322,-0.00012687030488778449,-1.3381956851152573e-05",1.1164630617182805,0.8198058904507534,1.9159431060380314e-06,0,0.0014067525083242066,0.0014088887202535919,0.0003171016850606747,0.08115902753534911,0.6827404627530417,0.00015745414234940268,0.011954781523487308,0.011954781523487308,2.2973940349755744e-06,1.2340424259131919e-05,1.1298817732816655,1.0198539780165983,0.004891926576085286,,0,420,distance_boundary_and_eikonal_tolerances,577,1.6976774018743298e-14
25,1,25,"0.5,1.5,2.5",5,"-6.5449163978405984e-05,-2.7973317398480404e-05,-7.482220769877598e-05,-0.00030505169345309917,-0.00014889729282639174,0.00014724046584963196,0.0001509495961839733,7.1768065268593286e-05,-0.00039240317934798036,7.3628447910998656e-06,5.1850284087323767e-05",1.1101071640350444,0.8158081785135717,1e-06,0,0.000969763745878407,0.0009807521187513819,0.0003546266414455126,0.0835791135470771,0.6594098408445747,0.0001607057523330506,0.006776092306393669,0.006776092306393669,2.743418055318483e-06,1.5304329296157065e-05,1.130212900012315,1.0243024480149514,0.00501604203351982,,0,500,distance_boundary_and_eikonal_tolerances,601,1.6976774018743298e-14
26,1,26,"0.5,1.5,2.5",5,"-4.2612823728122067e-05,-9.1381060043363847e-05,-0.00010994660322668042,-0.00024337946198656885,-9.4811253365800519e-05,0.00012176332142633307,5.2791200710145386e-05,1.579361348004194e-05,-0.00022875422643903377,5.5319511300800185e-05,9.6535303024602965e-05",1.107013128548884,0.8134163093371406,1e-06,0,0.0005857047327467119,0.0005992378030823019,0.0003848073961158339,0.08467755460057272,0.6566142529627038,0.00015999376769940208,0.0032636307117545308,0.0032636307117545308,3.0637001859591167e-06,1.691033085483899e-05,1.12194425732909,1.0287512694474656,0.00508487645585602,,0,140,distance_boundary_and_eikonal_tolerances,625,1.6976774018743298e-14
27,1,27,"0.5,1.5,2.5",5,"-2.446680249441058e-05,-0.00012807552202424196,-0.00012799367146283422,-0.00019896182800288812,-5.8445460017677651e-05,0.00010103494452161909,-6.9300386364350028e-06,1.1751956038223161e-05,-0.00012336568179870149,5.6442856719272665e-05,0.00012885233871190574",1.105105618689639,0.8121719020360813,1e-06,0,0.0004796807895817913,0.0004910883806914568,0.0004199413677606303,0.0860549594667019,0.6873513149019905,0.00016618717251554952,0.0018740472078245035,0.0018740472078245035,3.3126157424237303e-06,1.7996110312772255e-05,1.1133914554434334,1.0328423359760028,0.0051198973959293605,,0,160,distance_boundary_and_eikonal_tolerances,649,1.6976774018743298e-14
28,1,28,"0.5,1.5,2.5",5,"-1.2474032802432848e-05,-0.00014836825905402374,-0.00014277088728695763,-0.00017448201935697753,-3.919049491919018e-05,9.3846893836180062e-05,-3.9635668946360499e-05,2.0141582863448921e-05,-6.3776750919974904e-05,4.9620519017202544e-05,0.00015448716247834182",1.1034491120838155,0.8115822539149539,1e-06,0,0.0005054723690535287,0.0005063746686229166,0.00047206611263629037,0.08609175957935519,0.6851909484935987,0.0001872576580088138,0.0015335168391314349,0.0015335168391314349,3.588887783490679e-06,1.9695619461225242e-05,1.1105362033203605,1.0377141768270726,0.005137970022041768,,0,180,distance_boundary_and_eikonal_tolerances,673,1.6976774018743298e-14
29,1,29,"0.5,1.5,2.5",5,"-5.0603789785275114e-06,-0.00016130170541434852,-0.0001601477716507774,-0.00016293165458117456,-3.5289303627490948e-05,9.7210836866146706e-05,-5.9722227987259763e-05,3.0646109714048845e-05,-3.1332433345735934e-05,4.7991493436505084e-05,0.0001745018416108797",1.101674821213223,0.8113165444480162,1e-06,0,0.0005581517503716516,0.0005603626809188303,0.0005053492378998163,0.08545977058817998,0.6882083779329633,0.0002009383011266283,0.0015975904462220446,0.0015975904462220446,3.986019467540617e-06,2.248776145673808e-05,1.115698322226545,1.0431385734683016,0.005149734519655929,,0,280,distance_boundary_and_eikonal_tolerances,697,1.6976774018743298e-14
30,1,30,"0.5,1.5,2.5",5,"-1.7045741990071039e-07,-0.00017187733196543213,-0.00018493759580377064,-0.00015845849369245377,-4.6911427994850232e-05,0.00010918996563542236,-7.59974005518986e-05,4.3381540528686071e-05,-1.3257706930388646e-05,5.3064355876751278e-05,0.00019016255675538102",1.0995593838370639,0.8111678835038437,1e-06,0,0.0006412148345109347,0.0006449150041811524,0.0005482986246077453,0.08568052162103644,0.699509858230087,0.00021330578013693292,0.0018695086334559038,0.0018695086334559038,4.600010889630189e-06,2.638929807947289e-05,1.1311192158681334,1.0513971612146107,0.005162387354548241,,0,120,distance_boundary_and_eikonal_tolerances,721,1.6976774018743298e-14
31,1,31,"0.5,1.5,2.5",5,"3.7204400394685474e-06,-0.0001828180275395365,-0.00022228174830116418,-0.00015765155017967984,-7.6652587752510707e-05,0.00013066328100980702,-9.3856883737930007e-05,6.1113792915937318e-05,-1.6613985193223252e-06,6.5011815302020115e-05,0.0002030556879067467",1.09680495580842,0.8109855618103512,1e-06,0,0.0007675335632711359,0.0007700121062931332,0.0005325322045435624,0.08598449784646442,0.6898805756491257,0.000188368382669021,0.0023795652354391037,0.0023795652354391037,5.571861817298799e-06,3.148341866858658e-05,1.1616858198417033,1.0621340542414188,0.005182041236772502,,0,140,distance_boundary_and_eikonal_tolerances,745,1.6976774018743298e-14
32,1,32,"0.5,1.5,2.5",5,"7.4445505985522879e-06,-0.00019591942935717218,-0.00027982770981120115,-0.00015837222190958971,-0.00013106507374103512,0.00016456616837418327,-0.00011675694808470041,8.7394346942270727e-05,8.9501768485792741e-06,8.558079452008986e-05,0.00021412545497372066",1.0928424623144743,0.8106221038557898,1e-06,0,0.0009584257681649755,0.0009582410219685402,0.0005541899758056278,0.08603957096787032,0.7033422623074482,0.00019543866694174752,0.0033291675356567833,0.0033291675356567833,7.139364202506358e-06,4.194474950911555e-05,1.2189697240851112,1.0766258517355332,0.0052155854164422895,,0,260,distance_boundary_and_eikonal_tolerances,769,1.6976774018743298e-14
33,1,33,"0.5,1.5,2.5",5,"1.0878755508341055e-05,-0.00021222727212217581,-0.00036774837293330001,-0.0001588499713017627,-0.00022081707966523724,0.00021445448041428327,-0.00014670425583641566,0.00012641475925245216,2.3516944719263152e-05,0.00011899470635031895,0.00022196221049571661",1.0865611984913897,0.8098973041843271,1e-06,0,0.0012434757137353353,0.0012457861042963227,0.0005258342561170738,0.08803796284763529,0.6942584574841507,0.00016048662751288502,0.0051526345113492075,0.0051526345113492075,9.6482010792059e-06,7.376457427901037e-05,1.324546487031512,1.0931589114107831,0.005272115300051241,,0,120,distance_boundary_and_eikonal_tolerances,793,1.6976774018743298e-14
34,1,34,"0.5,1.5,2.5",5,"1.1873128001200093e-05,-0.00022973542558523194,-0.00048956535025974684,-0.00015524708577244035,-0.0003529805841734734,0.00027876806007692508,-0.00018262709716485893,0.00018060029271957647,4.6714326723796361e-05,0.00017191515677360657,0.00021923509420044082",1.0762525605466338,0.8086367174025118,1e-06,0,0.0016375477837075204,0.001639767196161248,0.0005116725310753023,0.08950065872392043,0.6608200306900078,0.00017181685493122476,0.008482849115712697,0.008482849115712697,1.3439004316964803e-05,0.00013344357479489358,1.5135851394904123,1.1129531874151202,0.005362227533848839,,0,260,distance_boundary_and_eikonal_tolerances,817,1.6976774018743298e-14
35,1,35,"0.5,1.5,2.5",5,"2.7834279518631242e-06,-0.00022969741654804037,-0.00059110876343633457,-0.00013055330324198133,-0.00048893679164865671,0.00032855003559642451,-0.00021573834590347035,0.0002399492790634456,7.7067146454714742e-05,0.00024642132783179039,0.00018658822174432558",1.0616523947732643,0.8069957837289369,0.006152654101490372,0,0.0019999984418217517,0.0020109972935025955,0.0007103678754528017,0.0894188385258822,0.6026055478427089,0.00023183087416435953,0.012885623576964142,0.012885623576964142,1.774329030633707e-05,0.00017989157755948201,1.7801017514655981,1.1610920141723478,0.005487562002011435,,0,560,distance_boundary_and_eikonal_tolerances,841,1.6976774018743298e-14
36,1,36,"0.5,1.5,2.5",5,"-7.6698201312718587e-06,-0.00019200122602522067,-0.00056272900270045736,-7.3004215275523557e-05,-0.00050887008794611298,0.00032025487844092418,-0.00022701612257821965,0.0002642265000428718,8.984362344156984e-05,0.00031022267745284054,0.0001200120666072039",1.047827760378018,0.8058221396690826,0.0018457962304471115,0,0.001999798168347916,0.002012919708994443,0.0007614805333826338,0.08639945188996977,0.5704265056684108,0.00026539068598981433,0.014147059736257479,0.014147059736257479,2.1364359712065013e-05,0.00016119828063918866,1.9647944738036784,1.2211663275040672,0.0056189959459887655,,0,920,distance_boundary_and_eikonal_tolerances,865,1.6976774018743298e-14
37,1,37,"0.5,1.5,2.5",5,"-1.3072782056550563e-05,-7.3125041842138412e-05,-0.00031641153261927112,3.8950767646554251e-05,-0.00033890951028143378,0.00022103647271053372,-0.00019802632016456209,0.00021748193682018488,7.5703471132212212e-05,0.00028532521507792011,4.1046820516919199e-05",1.0406711736175898,0.8054341680529225,0.0005537388691341334,0,0.0013662409663687735,0.0013812225073258977,0.000843042716210831,0.08801353860517692,0.5793750398837412,0.0002773069183916524,0.008310904236308767,0.008310904236308767,2.0664614756753344e-05,0.00014148456383156178,1.7466869566741912,1.2378010017578276,0.005711430900550023,,0,200,distance_boundary_and_eikonal_tolerances,889,1.6976774018743298e-14
38,1,38,"0.5,1.5,2.5",5,"-1.9707585519884925e-06,5.1671756791912883e-05,-0.0001089926275194945,0.00013100777132946727,-0.00018356697633178996,0.00012447945609375021,-0.00012700789437644335,0.00014241959767758792,5.7540353091919433e-05,0.00018459296437454018,-1.597847656005391e-05",1.0378624017832223,0.8050857109010429,0.00016612166074024,0,0.0006559909233148229,0.0006612631805886587,0.0008157315279810153,0.08951808060912411,0.593089016048991,0.0002890871336460252,0.0031761765858521977,0.0031761765858521977,1.6036473055767346e-05,0.000100740449439924,1.4200957504804208,1.2086593560855832,0.005766763097102177,,0,100,distance_boundary_and_eikonal_tolerances,913,1.6976774018743298e-14
39,1,39,"0.5,1.5,2.5",5,"4.2021148813597807e-06,0.00012123740871530444,-1.244032992412892e-05,0.00017046732033756902,-0.00012832372237079126,7.1639407793417954e-05,-7.6196970339458632e-05,0.00010069030034286751,5.1647681010271005e-05,0.00010644556417908095,-5.0351418733618369e-05",1.0362320368739635,0.8045032045575542,4.9836498222072e-05,0,0.00043147894938198785,0.00043968128828212065,0.0007293830373696757,0.08990901326935244,0.5910933078288472,0.0002850941308109242,0.0016685548128161658,0.0016685548128161658,1.2482715653700488e-05,8.076122096252181e-05,1.2462861536386205,1.174738501316616,0.005807584822208545,,0,100,distance_boundary_and_eikonal_tolerances,937,1.6976774018743298e-14
40,1,40,"0.5,1.5,2.5",5,"4.2281787271236813e-06,0.00015011656788574071,3.1627741629762201e-05,0.00018144966310313626,-0.00011847220374964,4.6918265023442171e-05,-5.2978216159242456e-05,8.7582152937818432e-05,5.1435700843039674e-05,6.4360094546138415e-05,-6.8076189114159503e-05",1.0348845754837037,0.8038071294457896,1.49509494666216e-05,0,0.000412739663982584,0.0004226324729702407,0.0007465238032306327,0.09034191251472129,0.614270168150496,0.0002768509502647093,0.001327308407801407,0.001327308407801407,1.0570636129589024e-05,7.116378236010594e-05,1.1684774580088972,1.1513454009989685,0.0058444286516060335,,0,120,distance_boundary_and_eikonal_tolerances,961,1.6976774018743298e-14
41,1,41,"0.5,1.5,2.5",5,"2.6550627648229143e-06,0.00015982358365521489,5.0877389606130873e-05,0.00018160924909286531,-0.00012073061599664917,3.5959159648189118e-05,-4.1698106811613109e-05,8.4451484589259055e-05,5.267703631345454e-05,4.1235070524244946e-05,-7.6039479998629285e-05",1.0336563340018343,0.8031046208155064,4.48528483998648e-06,0,0.00039604628765929395,0.00040690714732633047,0.000734926019565932,0.09122354123003916,0.6170263630372903,0.00029095221264321264,0.0012044811591628984,0.0012044811591628984,9.520377720548827e-06,6.460789094953993e-05,1.1339593583840362,1.1357641840753447,0.005880531254262339,,0,100,distance_boundary_and_eikonal_tolerances,985,1.6976774018743298e-14
42,1,42,"0.5,1.5,2.5",5,"1.2773543869613608e-06,0.00016103639630239033,5.8935414916068785e-05,0.00017742998756414073,-0.00012372176138917765,3.0719365093659259e-05,-3.5695543903928206e-05,8.3213991299386901e-05,5.3763427197043304e-05,2.7147886659925415e-05,-7.8360940075375863e-05",1.0325228173907919,0.802445645806957,1.3455854519959438e-06,0,0.00037979958038327703,0.00039170037432867925,0.0006732349210066293,0.09096200039427257,0.6192491369490789,0.00026312092685321087,0.001116114781281182,0.001116114781281182,8.836932211194236e-06,5.985477886447865e-05,1.115820799338879,1.1248399452876994,0.005916452501090971,,0,120,distance_boundary_and_eikonal_tolerances,1009,1.6976774018743298e-14
43,1,43,"0.5,1.5,2.5",5,"2.7271197150741621e-07,0.00015796858217947558,6.1640790061420067e-05,0.00017109938208493435,-0.00012475085801674015,2.7570456340525347e-05,-3.1894039670597221e-05,8.1463337771535286e-05,5.413496789486903e-05,1.7580392878076803e-05,-7.7571766012430332e-05",1.0314867600221997,0.8018541465086426,1e-06,0,0.0003621330604308558,0.0003743230016779169,0.0006261680006281646,0.09133721417999255,0.6159785375192548,0.00025451662279861453,0.001026653541103988,0.001026653541103988,8.315299670162424e-06,5.6155446206158326e-05,1.105106013241018,1.116531072575542,0.005951970220767764,,0,100,distance_boundary_and_eikonal_tolerances,1033,1.6976774018743298e-14
44,1,44,"0.5,1.5,2.5",5,"-4.8969178906847691e-07,0.00015231277832451,6.1582796327856637e-05,0.00016326726792334663,-0.00012352419190657843,2.5062320130390189e-05,-2.9000074505193637e-05,7.8750976865737e-05,5.3665296291645863e-05,1.0445252269273199e-05,-7.4968272220417978e-05",1.0305556949311852,0.8013411613747782,1e-06,0,0.0003425344450501439,0.00035444523049702105,0.0005831753248731847,0.0907720564953365,0.6354479339713217,0.0002631368239840587,0.0009291558534139922,0.0009291558534139922,7.880801217794468e-06,5.3101014183353756e-05,1.100793653477976,1.109773583248693,0.0059866818204845325,,0,120,distance_boundary_and_eikonal_tolerances,1057,1.6976774018743298e-14
45,1,45,"0.5,1.5,2.5",5,"-1.111926576912805e-06,0.00014483415421860652,5.9904989339255106e-05,0.00015419020736552963,-0.00012035149411364324,2.2686579394611034e-05,-2.6434901633099184e-05,7.5139502143174995e-05,5.2405295515060146e-05,4.7664348456719494e-06,-7.1234197843890335e-05",1.0297354671195706,0.8009102672888011,1e-06,0,0.00032069525875784227,0.00033214180749830514,0.0006184553572563329,0.0893436661908269,0.6143597464388254,0.00025808734948920553,0.0008244462903378713,0.0008244462903378713,7.507519700090179e-06,5.049165377019096e-05,1.0969971094964903,1.1040565879939797,0.006020181530864097,,0,140,distance_boundary_and_eikonal_tolerances,1081,1.6976774018743298e-14
46,1,46,"0.5,1.5,2.5",5,"-1.6389219149997216e-06,0.00013601033659545474,5.7188724464998532e-05,0.00014409042630014423,-0.000115619180569882,2.0310440331842596e-05,-2.3976995049879464e-05,7.081577255349659e-05,5.0474461918465376e-05,9.3356305478162024e-08,-6.6769226815853626e-05",1.0290277967238084,0.8005597942121334,1e-06,0,0.00029730201893379967,0.0003078358005774598,0.0005988286287796694,0.08737580648743591,0.6161214147716245,0.00025400501053950836,0.0007162791404045435,0.0007162791404045435,7.1848124968556666e-06,4.822987248780702e-05,1.0931103380390623,1.099129715356535,0.006052113705545403,,0,220,distance_boundary_and_eikonal_tolerances,1105,1.6976774018743298e-14
47,1,47,"0.5,1.5,2.5",5,"-2.0812262837307694e-06,0.00012624330937136837,5.3784390605769062e-05,0.00013324718462270023,-0.00010969228448661579,1.7943514738619052e-05,-2.1565716155489316e-05,6.5988108541094426e-05,4.8011175290032067e-05,-3.772547967870159e-06,-6.1852422641882676e-05",1.0284296613152446,0.8002843210044366,1e-06,0,0.0002728035972605312,0.0002821922296899603,0.0006094833260899604,0.07968338046964325,0.6080908942905614,0.00027260366649451036,0.0006093657715105808,0.0006093657715105808,6.905474165201527e-06,4.6258857963920256e-05,1.0893817437506792,1.0948496891780592,0.006082192672553148,,0,1200,distance_boundary_and_eikonal_tolerances_at_final_state,1129,1.6976774018743298e-14
48,1,48,"0.5,1.5,2.5",5,"-2.4358219417333665e-06,0.00011591615831712393,4.9945205572190025e-05,0.00012198597482127372,-0.00010290345293734783,1.5641937326925093e-05,-1.9214433724529598e-05,6.0859048959689162e-05,4.5154440714587601e-05,-6.9155451584565599e-06,-5.6704333188891527e-05",1.0279338071775772,0.8000759218178405,1e-06,0,0.00024776000317720923,0.0002561247668654829,0.0005941148325925979,0.08065494963911829,0.6564255200585531,0.00025340713594863666,0.0005081552268903838,0.0005081552268903838,6.6626797736113934e-06,4.453515019494706e-05,1.0857988585430927,1.0911130098612822,0.006110211444472918,,0,440,distance_boundary_and_eikonal_tolerances,1153,1.6976774018743298e-14
49,1,49,"0.5,1.5,2.5",5,"-2.6979656948702346e-06,0.00010538923672981434,4.5872696523113028e-05,0.00011064088804120406,-9.5555790043624775e-05,1.346748569816022e-05,-1.6963020034081565e-05,5.5612439677048041e-05,4.2035686687477984e-05,-9.377656041441195e-06,-5.1507289371466167e-05",1.027529909654588,0.7999252979715535,1e-06,0,0.00022290321933873223,0.00023108255816111324,0.000590690550632455,0.07904940635673609,0.6489199096567335,0.0002400368738265414,0.00041607844866597244,0.00041607844866597244,6.449901821546792e-06,4.301986931107308e-05,1.0823854678758509,1.0878320106247747,0.006136043448282978,,0,540,distance_boundary_and_eikonal_tolerances,1177,1.6976774018743298e-14
50,1,50,"0.5,1.5,2.5",5,"-2.8667568676326995e-06,9.4980715239405532e-05,4.1731052026295426e-05,9.9517064627072251e-05,-8.7920590278802466e-05,1.1469870300860785e-05,-1.485354968970026e-05,5.0405086788491029e-05,3.8773886111983238e-05,-1.1196165631392979e-05,-4.6409233667042478e-05",1.0272059556749418,0.7998227432283824,1e-06,0,0.0001988732093951095,0.00020668645574365856,0.0005911533902253039,0.07864403201125895,0.6413242452286546,0.00023570360678436958,0.00033522086801411854,0.00033522086801411854,6.261370472663941e-06,4.1677711805299864e-05,1.0792037715592424,1.0849294730116539,0.006159638030952537,,0,180,distance_boundary_and_eikonal_tolerances,1201,1.6976774018743298e-14
51,1,51,"0.5,1.5,2.5",5,"-2.9467996905670422e-06,8.4949496935539433e-05,3.7650718601940492e-05,8.8864733933848261e-05,-8.0232226327050743e-05,9.680361470352762e-06,-1.2918350287679705e-05,4.5361924818481366e-05,3.5472106456968764e-05,-1.2420312581501491e-05,-4.1523825504032721e-05",1.026949518624056,0.7997588887949559,1e-06,0,0.0001761690976608679,0.00018349739023403475,0.0006805891317238813,0.0810041429801998,0.6501313027217772,0.0002899961729666053,0.0002663537316640777,0.0002663537316640777,6.092444493573996e-06,4.0477773167133004e-05,1.0762431575498315,1.0823387195106628,0.0061810111553328795,,0,100,distance_boundary_and_eikonal_tolerances,1225,1.6976774018743298e-14
52,1,52,"0.5,1.5,2.5",5,"-2.9476552880558895e-06,7.5487088176612988e-05,3.3730062374441743e-05,7.8867177806936969e-05,-7.2683591294256446e-05,8.1116589570630445e-06,-1.1175906994056399e-05,4.0574964859137833e-05,3.2215424340401009e-05,-1.3115273407579738e-05,-3.6931522911457755e-05",1.0267487309203196,0.7997252043110475,1e-06,0,0.00015516401032695612,0.0001619068232711694,0.0006162984182281374,0.08096601471040384,0.6378924312237035,0.000259063007765091,0.00020919383760173305,0.00020919383760173305,5.939549186716213e-06,3.939431768876733e-05,1.074213714668365,1.0800042562843706,0.006200232394858099,,0,180,distance_boundary_and_eikonal_tolerances,1249,1.6976774018743298e-14
53,1,53,"0.5,1.5,2.5",5,"-2.8822413553380677e-06,6.6718766207475878e-05,3.0037904576550387e-05,6.9640723336809819e-05,-6.5424396878409493e-05,6.7610529697713975e-06,-9.6312651523092952e-06,3.6105540705311729e-05,2.9070343569701905e-05,-1.3358855998538932e-05,-3.2682771586273548e-05",1.0265928994719813,0.7997142739356573,1e-06,0,0.0001361451485276349,0.00014214499082132202,0.0006425197908666408,0.08006726797751698,0.645823854625873,0.00027176756939369974,0.0001627523073454895,0.0001627523073454895,5.800130414567399e-06,3.840683465669687e-05,1.0728791534402746,1.077881539393102,0.0062174116842592915,,0,220,distance_boundary_and_eikonal_tolerances,1273,1.6976774018743298e-14
54,1,54,"0.5,1.5,2.5",5,"-2.7649783951519258e-06,5.8711467951125983e-05,2.6617312783683685e-05,6.1242765987345744e-05,-5.8562721934146008e-05,5.6149044145344477e-06,-8.2787811822916216e-06,3.198862920884136e-05,2.6085563149771565e-05,-1.323511375465609e-05,-2.8802792372203197e-05",1.026472801633634,0.799719891730499,1e-06,0,0.00011900145652658927,0.00012430557320173438,0.0006399680800587223,0.08220421618749367,0.6686557076809565,0.00026361515161390375,0.0001256659197814555,0.0001256659197814555,5.672153236352063e-06,3.749916896441323e-05,1.0716506056412303,1.0759352472513704,0.006232685613362291,,0,120,distance_boundary_and_eikonal_tolerances,1297,1.6976774018743298e-14
55,1,55,"0.5,1.5,2.5",5,"-2.6101783215684697e-06,5.1485233330504473e-05,2.3490228425898639e-05,5.368379684139424e-05,-5.2169219798337173e-05,4.6530475693802172e-06,-7.1055249833877154e-06,2.8238158767220592e-05,2.3293771773408116e-05,-1.2827641884873026e-05,-2.5297062305348423e-05",1.0263807434677235,0.7997370308480756,1e-06,0,0.000103780178937254,0.00010837820694397607,0.0006053627299658546,0.07894358312699082,0.6348444913017739,0.00024565544982451705,9.645515462062075e-05,9.645515462062075e-05,5.554050617736862e-06,3.665874258526413e-05,1.0704985366498017,1.0741376745628564,0.00624620617843247,,0,400,distance_boundary_and_eikonal_tolerances,1321,1.6976774018743298e-14
56,1,56,"0.5,1.5,2.5",5,"-2.4308902123420856e-06,4.5025424899227277e-05,2.0662257086661336e-05,4.6940216762144137e-05,-4.6282906674930279e-05,3.8524419902510875e-06,-6.094471985268297e-06,2.485227082104882e-05,2.0714044918992136e-05,-1.221414079168525e-05,-2.2156660059135281e-05",1.0263104672963808,0.7997617360168878,1e-06,0,9.035845138736182e-05,9.428018514294327e-05,0.0006426910120049854,0.08081569126968706,0.6582927406024612,0.00026518240042382527,7.369481161885946e-05,7.369481161885946e-05,5.444560976096195e-06,3.587580558851731e-05,1.069402397885792,1.0724671463691207,0.00625813145481124,,0,160,distance_boundary_and_eikonal_tolerances,1345,1.6976774018743298e-14
