iteration,loss,relative_l2_error,applied_damping,maximum_modal_field_update_m,curve_change_m,redistance_curve_drift_m,eikonal_rms,eikonal_maximum_deviation,maximum_curve_field_residual,radial_spectral_tail_rms_m,radial_spectral_tail_limit_m,spectral_tail_rejection_count,redistance_steps,redistance_stop_reason,evaluation_count,maximum_system_residual
0,2.223592919150227,1.1941148823310916,0.0,0.0,0.0,0.0,0.09797271827026022,0.4963451359850982,2.484369090918065e-08,0.0007190024970595784,0.0009190024970595784,0,0,initialized,1,4.415777987351829e-15
1,1.9937514989056009,1.1612716972504051,1.0,0.002305303294496308,0.002054171704879052,7.273266439561575e-05,0.09465641114793827,0.5138459022607119,2.733409830427071e-08,0.0006917913626047866,0.0009190024970595784,0,220,distance_boundary_and_eikonal_tolerances,25,4.804253000639223e-15
2,1.9155628103992715,1.1488447921046383,3.0,0.0008059693795683758,0.0008900862649403877,9.654339929229019e-05,0.09331188377094486,0.5103101000034975,2.632991477353585e-08,0.0006921431133760269,0.0009190024970595784,0,200,distance_boundary_and_eikonal_tolerances,49,4.804253000639223e-15
3,1.7913323932652376,1.1249003994388858,0.8999999999999999,0.001935480259017545,0.0015873318257499693,8.52794205721788e-05,0.09986756815902993,0.5516400161103175,3.0888272485010866e-08,0.0007110528644435575,0.0009190024970595784,0,160,distance_boundary_and_eikonal_tolerances,73,7.247042055383673e-15
4,1.6675135734542244,1.091696866429966,0.26999999999999996,0.0033225216717569944,0.0026291023017630815,0.00011462443228502865,0.0956637894674401,0.5755652788887062,2.386187985398136e-08,0.0007807979823434793,0.0009190024970595784,0,200,distance_boundary_and_eikonal_tolerances,97,1.2952995515608968e-14
5,1.5861792551649776,1.0615757217433586,0.08099999999999999,0.002907657689185808,0.002431097443367702,0.00012044145321179495,0.0999907339900337,0.6138960749596755,1.7442138793184736e-08,0.0009069553007103318,0.0009190024970595784,0,180,distance_boundary_and_eikonal_tolerances,121,1.3861243381748265e-14
6,1.5783245140885631,1.0589685371173527,0.024299999999999995,0.0002366287073162343,0.00028997575508336794,8.620053731014192e-05,0.09575098373290176,0.6151380624840987,1.729763105884699e-08,0.0009092878799730562,0.0009190024970595784,3,180,distance_boundary_and_eikonal_tolerances,151,1.3861243381748265e-14
7,1.574588060061191,1.0578534047201247,0.007289999999999998,0.00012828602898025558,0.00015161744927219705,7.940155814031984e-05,0.09684029713480873,0.6133200645040502,2.0155034444581735e-08,0.0009159469805661705,0.0009190024970595784,4,160,distance_boundary_and_eikonal_tolerances,183,1.3861243381748265e-14
8,1.5723209847440782,1.0573787581775853,2.1869999999999994,5.563583939639486e-05,0.00010296731575755864,7.265299291457041e-05,0.09297373496887164,0.5998211380837111,2.6329568667904715e-08,0.000912516022573316,0.0009190024970595784,21,180,distance_boundary_and_eikonal_tolerances,249,1.3861243381748265e-14
9,1.5693247926693963,1.0564704929272768,0.6560999999999998,0.00010281535518421185,0.00015935010507983464,9.136367005416288e-05,0.09089819770378958,0.5906879408806787,2.445993876562004e-08,0.000907591832718111,0.0009190024970595784,3,180,distance_boundary_and_eikonal_tolerances,279,1.3861243381748265e-14
10,1.5648201505101957,1.0549744061614745,0.19682999999999992,0.00016833235064894845,0.0002308782060071295,8.392038431648213e-05,0.09423104786315932,0.5804763669050681,3.263322552091684e-08,0.0009167071979125219,0.0009190024970595784,3,160,distance_boundary_and_eikonal_tolerances,309,1.3861243381748265e-14
11,1.5641397112730837,1.054666666355458,0.059048999999999977,5.686774783999433e-05,7.655486973671571e-05,7.611068451548863e-05,0.09062247980577245,0.5723642005643043,3.3031632934313673e-08,0.0009063977177474117,0.0009190024970595784,5,180,distance_boundary_and_eikonal_tolerances,343,1.3861243381748265e-14
12,1.5584527292246277,1.0523097215426542,0.017714699999999993,0.00025970610100915624,0.00026205622242044267,7.18149934125836e-05,0.0938598950077445,0.5693617536463745,3.837948086508197e-08,0.000917915126928092,0.0009190024970595784,3,160,distance_boundary_and_eikonal_tolerances,373,1.3861243381748265e-14
13,1.555909786164188,1.051360475965,0.005314409999999998,0.00013446920935004535,0.00016357465236378673,8.090968323062539e-05,0.09035692846868892,0.568336082383786,3.738807741724727e-08,0.0009121211353394868,0.0009190024970595784,4,180,distance_boundary_and_eikonal_tolerances,405,1.3861243381748265e-14
14,1.5519282155284948,1.050161605915343,0.0015943229999999993,0.00013804843548631914,0.00014408593504933685,6.970469775336456e-05,0.0889937495510229,0.5659899109522303,3.3597148386705494e-08,0.0009093804389740274,0.0009190024970595784,4,180,distance_boundary_and_eikonal_tolerances,437,1.3861243381748265e-14
15,1.5464718286171615,1.047598728310278,0.0004782968999999998,0.00028024025208265663,0.00031874194461390407,6.376417639811664e-05,0.08814288294933387,0.564038523960957,3.2303481641037836e-08,0.0009187114040413925,0.0009190024970595784,3,180,distance_boundary_and_eikonal_tolerances,467,1.3861243381748265e-14
16,1.5432699339407527,1.0463833234973583,0.00014348906999999992,0.00013931671746184843,0.00014256330371852885,6.923872123823392e-05,0.08691236213486148,0.5627726528313632,2.951859923822856e-08,0.0009157392397844654,0.0009190024970595784,4,180,distance_boundary_and_eikonal_tolerances,499,1.3861243381748265e-14
17,1.541116621172518,1.0453402432235221,4.304672099999997e-05,0.0001379128490406871,0.00013215128753505802,7.155811294481621e-05,0.08599739169252368,0.5610622377240803,2.6437237360659588e-08,0.0009170490151347357,0.0009190024970595784,4,180,distance_boundary_and_eikonal_tolerances,531,1.3861243381748265e-14
18,1.5373480630557688,1.04400893811979,1.2914016299999992e-05,0.0001389133790923557,0.00017155331535055466,0.00011052944342785882,0.08474996550705746,0.5473341155924701,2.5827055588796555e-08,0.0009174896738387786,0.0009190024970595784,4,180,distance_boundary_and_eikonal_tolerances,563,1.3861243381748265e-14
19,1.535638426109681,1.0435696257802154,3.874204889999997e-06,6.932738366362035e-05,9.671649294168018e-05,6.251074233364793e-05,0.08432719143263742,0.5590208413538756,2.0336529356346222e-08,0.000917910572802636,0.0009190024970595784,5,180,distance_boundary_and_eikonal_tolerances,597,1.3861243381748265e-14
20,1.5323175273725083,1.042189991599398,1.1622614669999991e-06,0.0001412879138447298,0.00013384043544967453,5.128795880710703e-05,0.08369312413978808,0.549703019442868,2.4935853538271546e-08,0.0009139757605158411,0.0009190024970595784,4,180,distance_boundary_and_eikonal_tolerances,629,1.3861243381748265e-14
21,1.5291816962639526,1.0408928564434956,1e-06,0.0001392568928766044,0.00016751305365898475,5.440005676279455e-05,0.0829225335427887,0.5422472623042043,2.1119891849274985e-08,0.0009139132455215116,0.0009190024970595784,4,180,distance_boundary_and_eikonal_tolerances,661,1.3861243381748265e-14
22,1.527674700302751,1.0402963424995502,1e-06,6.922813158072408e-05,7.835443568260373e-05,3.826714973225859e-05,0.08168310718732585,0.5532505634861026,2.0432087542709976e-08,0.0009124934572330065,0.0009190024970595784,5,180,distance_boundary_and_eikonal_tolerances,695,1.3861243381748265e-14
23,1.525644799135684,1.039690089028944,1e-06,7.025431641856379e-05,9.252267567435401e-05,4.4381884357867645e-05,0.08134201000142086,0.5586487000044642,2.2730268660342556e-08,0.0009159992537403554,0.0009190024970595784,5,180,distance_boundary_and_eikonal_tolerances,729,1.5116203862941522e-14
24,1.5245241723373364,1.039212519245676,1e-06,6.995804368836359e-05,0.00011821565347246291,6.346141814844376e-05,0.08092978113248216,0.5514751193352526,2.4722029236257104e-08,0.0009162169733747969,0.0009190024970595784,5,180,distance_boundary_and_eikonal_tolerances,763,1.5116203862941522e-14
25,1.5233800418659724,1.0386644724197474,1e-06,7.016525853885102e-05,8.652737085531906e-05,4.975850430918024e-05,0.079623117450678,0.5316911881219064,3.0804961144437204e-08,0.0009154773500526462,0.0009190024970595784,5,180,distance_boundary_and_eikonal_tolerances,797,1.5116203862941522e-14
