affine_iterations,anchor_iterations,anchor_kd,curve,geometry_change,kd,plain_iterations,rank,reconstruction_error,samples,shift
2,20,14.0,ellipse,0.0,4.625,10,11,8.390718113496484e-07,81,0.0
2,20,14.0,ellipse,0.0,8.375,14,11,5.864167883690209e-07,81,0.0
2,16,14.0,ellipse,0.0,12.125,17,11,4.198947038240298e-07,81,0.0
2,14,14.0,ellipse,0.0,15.875,19,11,5.690603086360806e-07,81,0.0
2,21,14.0,ellipse,0.0,19.625,22,11,4.302105006845117e-07,81,0.0
2,31,14.0,ellipse,0.0,23.625,25,11,1.5645240807642134e-06,81,0.0
6,20,14.0,ellipse,0.006765492498951736,4.625,10,11,0.006765344273986567,81,0.01
8,20,14.0,ellipse,0.02474276269401756,8.375,14,11,0.02473741238323586,81,0.01
9,16,14.0,ellipse,0.05934571498680203,12.125,17,11,0.05929460070226486,81,0.01
10,13,14.0,ellipse,0.10818513002647047,15.875,19,11,0.10797625469027007,81,0.01
11,25,14.0,ellipse,0.16216575038258926,19.625,22,11,0.16169934383156764,81,0.01
12,26,14.0,ellipse,0.21785582428538008,23.625,25,11,0.21714372078526517,81,0.01
7,20,14.0,ellipse,0.01355599733504112,4.625,10,11,0.013554799550591669,81,0.02
9,20,14.0,ellipse,0.049598199184205924,8.375,14,11,0.04955519819681672,81,0.02
11,13,14.0,ellipse,0.11883412133992967,12.125,17,11,0.11842496191914541,81,0.02
15,16,14.0,ellipse,0.2160698216423033,15.875,19,11,0.21441261632575453,81,0.02
16,20,14.0,ellipse,0.3225873587310316,19.625,22,11,0.3189256190920172,81,0.02
15,31,14.0,ellipse,0.4308991596422287,23.625,25,11,0.42536756369304685,81,0.02
8,20,14.0,ellipse,0.027311001146379923,4.625,10,11,0.02730121839396425,81,0.04
11,17,14.0,ellipse,0.10007769192461759,8.375,14,11,0.09972648000141611,81,0.04
13,14,14.0,ellipse,0.23870506881975107,12.125,17,11,0.23542447678202788,81,0.04
15,16,14.0,ellipse,0.42947656558352276,15.875,19,11,0.41665241357153393,81,0.04
21,20,14.0,ellipse,0.6309287965311441,19.625,22,11,0.6037236963595157,81,0.04
25,24,14.0,ellipse,0.8236093779869568,23.625,25,11,0.7841652853098803,81,0.04
10,21,14.0,ellipse,0.056181681346079725,4.625,10,11,0.056097249295333586,81,0.08
13,17,14.0,ellipse,0.2066180742615165,8.375,13,11,0.20358606368532325,81,0.08
16,16,14.0,ellipse,0.48277068046129196,12.125,16,11,0.4565582190128191,81,0.08
19,19,14.0,ellipse,0.8309646962666046,15.875,19,11,0.7413372497355626,81,0.08
22,23,14.0,ellipse,1.1424950060028316,19.625,22,11,0.9781094284513494,81,0.08
35,35,14.0,ellipse,1.3585234620976785,23.625,25,11,1.1531671566659687,81,0.08
2,27,14.0,kite,0.0,4.625,11,11,2.4951788208036933e-06,81,0.0
2,27,14.0,kite,0.0,8.375,15,11,2.2255366056951064e-06,81,0.0
2,15,14.0,kite,0.0,12.125,19,11,2.232814668213173e-06,81,0.0
2,19,14.0,kite,0.0,15.875,23,11,2.390379505446728e-06,81,0.0
2,26,14.0,kite,0.0,19.625,26,11,2.1919059881206626e-06,81,0.0
3,32,14.0,kite,0.0,23.625,29,11,8.852473133539474e-06,81,0.0
6,27,14.0,kite,0.008329232778422147,4.625,11,11,0.008326319068890108,81,0.01
7,27,14.0,kite,0.03171460418575983,8.375,15,11,0.03161678857352795,81,0.01
8,18,14.0,kite,0.06465606434772116,12.125,19,11,0.06420981546254137,81,0.01
8,16,14.0,kite,0.09479333849578801,15.875,23,11,0.09407425086565588,81,0.01
9,26,14.0,kite,0.11824151229312516,19.625,27,11,0.11755454989009304,81,0.01
11,32,14.0,kite,0.13402094710083978,23.625,29,11,0.1333103299125533,81,0.01
6,27,14.0,kite,0.016322727655316702,4.625,11,11,0.01631207585867016,81,0.02
8,27,14.0,kite,0.06199822687757832,8.375,15,11,0.061652196062261126,81,0.02
9,18,14.0,kite,0.1260810674010962,12.125,19,11,0.12449722420762975,81,0.02
10,16,14.0,kite,0.1849121933799809,15.875,23,11,0.18233556708054635,81,0.02
11,34,14.0,kite,0.23132326806942055,19.625,27,11,0.2288295008139018,81,0.02
12,32,14.0,kite,0.2629721066822386,23.625,30,11,0.26040819484926586,81,0.02
7,27,14.0,kite,0.0316873936296055,4.625,11,11,0.031645326967918976,81,0.04
9,27,14.0,kite,0.12036595186083608,8.375,15,11,0.11899635631090255,81,0.04
11,18,14.0,kite,0.243900484472031,12.125,19,11,0.23758986758824316,81,0.04
15,17,14.0,kite,0.35618194107555434,15.875,23,11,0.3456294268296868,81,0.04
14,35,14.0,kite,0.4435135205314649,19.625,27,11,0.4326348846006387,81,0.04
18,33,14.0,kite,0.5012020194761369,23.625,30,11,0.4896995412081955,81,0.04
9,26,14.0,kite,0.059565759807921184,4.625,11,11,0.059390639778276626,81,0.08
11,25,14.0,kite,0.22545625436432162,8.375,16,11,0.2197025963487695,81,0.08
16,19,14.0,kite,0.45130212669030345,12.125,20,11,0.42490862942556795,81,0.08
20,24,14.0,kite,0.6480265618588154,15.875,24,11,0.6024179830087049,81,0.08
24,36,14.0,kite,0.7906941318764213,19.625,27,11,0.7391787570396134,81,0.08
27,44,14.0,kite,0.8739215728143428,23.625,30,11,0.8172854057719817,81,0.08
2,36,14.0,crescent,0.0,4.625,13,11,2.3004356826880106e-06,81,0.0
2,33,14.0,crescent,0.0,8.375,19,11,1.9016630163980807e-06,81,0.0
2,17,14.0,crescent,0.0,12.125,25,11,1.7908186087768544e-06,81,0.0
2,18,14.0,crescent,0.0,15.875,31,11,1.9169350323104806e-06,81,0.0
2,41,14.0,crescent,0.0,19.625,37,11,1.7085586235395335e-06,81,0.0
2,56,14.0,crescent,0.0,23.625,42,11,6.4705734835683515e-06,81,0.0
6,37,14.0,crescent,0.010971764843847803,4.625,13,11,0.01097670673853342,81,0.01
8,33,14.0,crescent,0.042089796201042605,8.375,19,11,0.04223762176133039,81,0.01
9,18,14.0,crescent,0.08636893934422896,12.125,25,11,0.08706228648685375,81,0.01
10,17,14.0,crescent,0.13079501765735682,15.875,31,11,0.13204728541811916,81,0.01
11,41,14.0,crescent,0.1762364039027182,19.625,37,11,0.17777114382655443,81,0.01
13,56,14.0,crescent,0.22978016625272812,23.625,41,11,0.23166301448288118,81,0.01
7,37,14.0,crescent,0.021482017075324034,4.625,13,11,0.021499583173515212,81,0.02
9,34,14.0,crescent,0.08208045773597372,8.375,19,11,0.08259948960605804,81,0.02
11,22,14.0,crescent,0.16790346917751925,12.125,25,11,0.1703121033877884,81,0.02
13,17,14.0,crescent,0.2535050134028904,15.875,31,11,0.2577478981570347,81,0.02
15,40,14.0,crescent,0.34026932959382467,19.625,36,11,0.34520835292326424,81,0.02
17,55,14.0,crescent,0.4410580117866983,23.625,41,11,0.4467376776212131,81,0.02
8,37,14.0,crescent,0.04111837407925535,4.625,13,11,0.04117381525797721,81,0.04
12,33,14.0,crescent,0.15554742742987715,8.375,19,11,0.15711603429504994,81,0.04
14,23,14.0,crescent,0.3151435062409234,12.125,25,11,0.32212588462739067,81,0.04
20,23,14.0,crescent,0.4706573195356711,15.875,31,11,0.482026917533451,81,0.04
24,39,14.0,crescent,0.6226955745046253,19.625,36,11,0.6339118069885383,81,0.04
29,54,14.0,crescent,0.7902363450247747,23.625,41,11,0.8003388800346035,81,0.04
10,36,14.0,crescent,0.07503438872190256,4.625,12,11,0.07516445909385357,81,0.08
15,34,14.0,crescent,0.27669166300674586,8.375,18,11,0.2798564318424564,81,0.08
19,28,14.0,crescent,0.545007739246347,12.125,24,11,0.556682764225193,81,0.08
28,28,14.0,crescent,0.7865040629246352,15.875,29,11,0.799094716047951,81,0.08
36,44,14.0,crescent,0.9939662973683955,19.625,35,11,0.9939522479663883,81,0.08
45,55,14.0,crescent,1.1805661502660687,23.625,40,11,1.1649227151753603,81,0.08
